product_id,store_id,price
1,4,17.32
1,7,15.39
1,8,17.12
2,4,9.42
3,6,12.41
3,8,12.27
3,1,14.52
4,3,8.47
4,1,10.35
4,5,11.13
5,6,9.54
5,1,6.76
5,4,9.17
5,5,7.06
6,3,16.79
6,4,17.3
7,8,7.77
7,4,9.53
7,1,9.32
7,2,10.61
8,1,9.78
8,8,9.04
8,7,8.3
8,4,8.31
9,2,16.7
9,8,15.62
9,5,16.03
10,7,11.66
10,3,12.83
11,7,17.22
12,8,13.29
12,3,13.71
12,7,13.94
13,3,14.41
13,1,15.64
13,8,13.44
14,8,20.82
14,6,22.14
15,2,6.75
15,5,4.75
15,3,6.77
16,6,4.21
16,4,4.73
16,7,3.21
17,7,3.06
18,4,3.84
18,3,3.9
18,2,4.03
18,6,4.03
19,7,5.35
19,5,5.96
20,7,5.45
20,8,3.32
20,3,4.35
20,2,3.5
21,5,3.73
22,8,3.79
22,4,2.98
22,5,3.3
22,6,3.31
23,2,5.95
23,6,5.93
24,3,3.51
24,4,3.63
25,4,1.53
25,6,3.37
25,2,1.01
26,3,2.9
26,5,4.63
26,4,2.88
27,4,3.98
27,3,4.03
27,1,4.84
28,4,3.44
28,2,1.9
28,6,2.05
28,8,3.58
29,3,3.65
29,6,5.28
29,5,4.14
29,8,3.83
30,5,4.62
30,6,3.19
31,4,1.15
31,5,2.97
31,3,0.69
32,5,5.17
33,6,2.8
33,4,3.27
34,3,3.12
34,8,3.93
35,3,2.73
35,8,2.98
36,5,2.84
36,3,1.68
36,4,3.24
37,6,3.51
38,5,1.14
38,6,2.13
39,6,3.1
39,2,3.13
39,3,4.37
40,8,3.01
40,4,1.07
40,2,0.77
41,7,1.86
41,4,2.04
42,1,0.59
42,6,0.76
43,3,3.05
43,6,3.76
44,5,4.6
45,7,3.04
46,2,1.33
47,5,2.17
47,2,2.2
47,8,1.29
48,8,2.1
48,6,0.39
49,2,3.34
49,8,1.88
50,5,1.86
51,3,3.13
52,1,1.93
52,8,3.24
52,2,2.7
52,3,1.08
53,3,1.73
53,6,1.34
53,5,0.32
54,8,3.73
54,3,2.02
55,5,2.29
56,1,0.56
56,4,1.15
57,7,1.69
58,1,0.86
59,4,2.12
59,7,2.59
59,3,3.55
59,5,1.93
60,3,3.76
60,8,1.62
60,6,3.45
61,1,3.24
61,7,1.16
61,2,3.66
61,4,1.16
62,6,2.76
63,8,1.04
63,6,1.36
64,5,0.75
64,7,0.98
64,3,0.46
65,2,2.82
65,8,1.98
65,7,4.41
65,3,2.12
66,6,3.4
66,2,3.9
66,3,4.43
66,5,4.52
67,3,1.07
67,1,1.61
68,1,2.71
68,3,1.54
69,4,2.47
70,1,5.58
71,5,3.16
71,8,2.43
72,8,3.56
72,2,2.81
72,3,3.88
73,6,2.6
73,7,2.29
73,8,0.3
73,3,0.49
74,6,1.21
74,5,1.61
75,2,1.93
76,1,0.63
76,6,2.61
77,8,4.09
77,7,2.24
78,8,5.24
78,2,4.17
78,3,2.6
79,3,6.93
79,6,8.38
79,1,7.26
79,7,8.04
80,4,4.65
80,8,4.32
81,6,2.6
81,8,3.9
81,3,2.08
82,3,0.3
82,6,0.42
83,8,1.1
84,1,1.41
85,6,3.61
85,3,4.93
85,7,5.22
85,2,5.06
86,7,5.74
86,2,4.85
87,4,4.3
87,5,5.75
87,7,3.77
87,8,6.48
88,2,4.49
88,6,3.51
89,7,3.31
89,2,4.44
90,5,3.95
90,8,2.66
90,3,3.35
91,1,2.6
91,2,3.6
91,7,4.63
92,5,0.96
92,4,2.46
92,1,3.64
92,6,2.12
93,3,4.01
94,2,2.63
94,5,3.33
95,2,2.71
96,7,4.84
96,5,3.66
96,4,2.25
97,5,3.04
97,7,2.77
97,4,2.66
97,6,0.42
98,6,6.06
98,3,3.6
98,1,5.41
98,5,3.44
99,4,2.88
99,6,2.08
100,4,2.2
101,5,6.41
101,4,5.65
101,2,4.21
102,1,11.28
102,8,11.55
103,5,6.07
103,6,7.32
103,4,5.87
103,3,7.46
104,1,5.4
104,3,4.42
105,5,1.72
105,1,2.83
105,3,1.94
105,7,1.59
106,8,6.27
107,7,7.48
107,8,6.46
107,5,7.73
108,8,3.14
108,7,2.9
108,4,2.97
108,3,3.63
109,4,5.6
109,2,5.47
109,3,2.69
109,5,2.81
110,5,2.56
110,7,2.53
111,1,4.43
111,8,3.94
111,4,5.22
111,2,5.48
112,1,2.92
112,2,5.23
112,8,5.48
113,3,4.21
113,6,3.63
113,7,3.47
114,4,1.82
115,3,2.72
115,6,3.58
115,8,3.48
115,4,0.82
116,7,4.82
116,3,3.46
116,8,3.66
117,8,4.61
118,7,4.7
118,8,3.33
119,4,2.36
120,3,2.24
121,3,2.27
122,8,4.5
123,4,3.24
124,3,4.01
125,6,5.1
126,1,4.41
127,8,2.55
127,4,1.82
128,1,0.76
128,4,2.8
128,7,3.63
128,3,1.08
129,3,3.09
129,1,2.68
130,3,3.78
130,1,3.18
130,8,2.74
131,1,6.15
132,6,6.64
132,4,6.4
133,3,4.08
133,5,6.06
134,4,3.21
134,2,4.21
134,7,3.95
135,7,7.18
135,6,5.7
136,8,2.64
136,4,3.34
136,6,3.75
136,7,2.52
137,8,3.49
137,6,2.38
137,7,3.95
138,8,6.35
139,1,8.25
140,2,4.31
140,1,5.91
140,5,5.24
140,7,4.52
141,4,6.43
141,8,7.06
142,5,3.05
143,6,3.95
143,7,6.32
143,2,3.91
143,5,3.51
144,2,3.98
144,6,4.04
144,8,4.43
145,5,6.97
145,3,5.31
145,8,6.51
145,7,7.18
146,5,3.25
146,2,3.68
146,1,2.9
146,8,4.34
147,8,7.08
148,8,11.81
148,1,13.12
149,7,16.57
150,1,16.8
150,6,14.79
151,2,15.18
151,1,16.07
152,1,9.85
152,4,9.8
152,6,8.95
152,7,9.0
153,8,9.7
153,7,8.49
153,2,8.36
154,2,9.82
154,5,11.24
154,7,11.8
154,8,10.73
155,4,14.27
155,1,13.49
155,5,11.34
155,2,13.29
156,7,16.31
156,2,16.42
157,8,14.82
158,1,21.12
159,5,19.73
159,3,19.47
160,1,15.19
160,6,14.01
160,7,15.95
161,1,15.76
161,7,14.25
161,5,14.77
161,2,13.52
162,6,20.34
163,1,12.23
163,7,11.69
164,6,20.89
164,2,22.14
164,3,21.45
164,1,21.23
165,2,4.28
165,4,3.65
165,5,5.04
165,8,3.97
166,7,3.5
166,8,3.79
166,1,3.57
166,6,4.62
167,5,1.09
167,3,2.46
167,1,1.11
168,6,1.16
169,8,3.1
169,2,2.91
170,7,4.18
170,1,5.49
171,3,3.32
171,4,4.93
171,6,4.9
172,2,1.55
172,3,2.54
173,7,3.11
174,4,0.97
175,1,3.83
175,7,4.1
175,3,1.96
175,5,3.67
176,3,3.26
177,6,2.82
177,1,4.9
177,4,3.5
177,5,4.03
178,6,2.8
178,7,3.84
179,3,4.63
179,6,2.77
180,4,1.81
180,3,1.84
180,7,4.12
181,2,3.08
182,4,2.11
182,3,3.7
182,2,1.67
182,8,3.48
183,7,2.43
183,2,2.06
183,4,2.09
183,3,2.43
184,8,0.3
184,4,1.67
184,7,0.41
185,3,3.15
185,5,1.18
185,8,2.17
185,6,2.3
186,8,1.96
186,2,2.64
186,1,2.43
186,4,4.46
187,4,2.72
187,6,3.06
187,5,2.51
188,5,2.84
188,1,2.92
188,2,0.5
188,6,2.47
189,8,2.05
190,1,2.16
191,6,1.2
191,8,1.56
191,7,2.72
191,4,3.42
192,1,4.59
193,8,4.99
194,1,4.15
194,6,2.67
194,5,3.34
195,4,3.25
195,2,4.55
196,6,3.52
196,4,3.5
197,3,4.76
197,1,4.01
198,1,4.88
198,7,5.83
198,3,5.38
199,1,4.07
199,3,5.06
200,1,3.64
201,8,3.13
201,4,2.92
202,3,0.46
202,7,1.12
202,2,2.64
203,4,4.7
203,1,4.1
203,6,3.34
203,3,3.32
204,2,3.32
204,4,3.21
204,3,1.41
205,5,5.3
205,8,4.42
205,2,3.51
205,7,4.76
206,2,1.94
207,2,5.47
207,8,5.7
207,1,5.41
207,6,3.79
208,5,0.35
209,8,4.58
210,7,8.34
210,5,9.76
211,4,8.97
211,1,6.58
211,6,8.97
211,7,7.64
212,5,8.65
213,7,4.95
213,3,2.49
213,4,3.96
213,1,3.61
214,1,8.3
214,7,8.31
214,4,7.25
215,5,4.5
215,3,5.95
216,2,5.03
217,5,2.79
217,6,5.27
217,2,3.07
217,7,5.31
218,4,1.43
218,3,3.28
219,7,2.38
219,6,2.96
220,7,2.66
220,3,5.33
221,7,2.93
221,8,1.86
221,3,3.58
222,4,3.09
222,5,1.27
223,8,2.88
223,6,2.21
223,5,3.49
224,3,4.1
224,7,2.78
224,4,4.25
225,5,3.76
225,3,4.3
225,6,2.29
226,4,2.8
226,5,2.33
226,8,1.95
227,5,4.95
228,1,3.66
229,5,2.61
230,3,2.12
230,6,1.48
230,4,4.19
230,1,1.91
231,8,1.28
231,4,1.1
232,7,4.03
232,1,2.82
232,8,4.45
232,6,3.9
233,4,4.39
233,3,3.99
233,6,3.58
233,5,3.52
234,7,2.68
235,3,6.57
236,3,5.49
237,5,1.97
237,4,2.79
237,8,3.23
237,2,1.07
238,8,0.81
239,5,5.95
239,6,4.02
239,8,4.46
240,8,6.14
240,4,4.6
240,3,5.98
240,7,7.07
241,4,2.0
241,7,1.02
241,5,1.62
241,2,1.07
242,3,4.57
243,1,5.24
243,5,3.0
244,1,6.61
244,5,4.86
245,4,2.44
245,6,2.34
246,7,5.26
247,2,3.26
248,7,4.7
248,2,2.48
248,1,2.81
249,8,6.35
249,5,5.49
250,7,3.19
250,2,2.94
251,5,2.86
251,4,2.08
251,1,2.49
251,2,2.0
252,1,5.96
252,6,6.08
253,2,4.45
254,6,3.21
254,1,2.53
254,7,4.39
255,7,4.8
256,6,4.86
256,5,4.95
257,7,5.52
258,2,7.88
259,3,7.76
259,1,7.73
259,5,7.72
259,4,5.92
260,5,2.45
260,4,3.35
261,7,5.67
261,4,5.69
261,8,6.93
261,1,6.77
262,7,5.22
262,3,5.45
262,8,6.79
263,8,1.85
263,1,2.54
263,3,1.85
264,3,7.53
265,6,18.11
265,3,17.09
265,2,17.3
265,8,16.73
266,3,15.98
266,7,16.17
266,2,14.02
266,6,14.23
267,6,14.45
267,4,12.98
267,8,13.61
267,1,15.21
268,8,7.63
268,1,9.04
268,3,7.21
269,6,9.28
269,2,10.06
270,6,15.29
270,5,16.35
271,2,17.12
271,4,15.06
271,8,16.88
272,2,13.52
272,6,12.13
272,1,12.25
273,3,17.77
273,8,16.38
273,2,16.49
274,6,9.66
274,8,10.31
274,1,10.57
274,5,11.82
275,2,7.4
275,1,8.33
276,4,9.76
276,5,8.79
276,7,10.89
276,6,11.03
277,6,16.62
277,3,16.32
277,8,16.63
277,1,16.04
278,2,14.2
278,3,16.19
278,1,13.89
279,7,14.22
279,4,15.08
279,1,14.58
279,8,14.38
280,7,11.6
280,4,12.98
281,1,9.96
281,3,10.7
281,5,9.63
281,6,10.63
282,7,14.57
282,4,13.55
283,2,13.39
283,3,14.17
283,1,13.4
284,6,13.03
285,4,14.89
285,2,12.07
286,1,16.38
286,3,16.6
286,4,15.72
287,2,18.38
288,2,19.75
288,4,21.11
288,7,21.42
288,3,19.43
289,3,11.77
289,5,10.62
289,2,12.16
289,6,12.43
290,7,19.28
290,2,19.78
290,4,19.82
291,8,10.48
291,2,11.71
291,4,9.83
292,3,16.97
292,2,15.75
292,7,15.56
292,1,15.87
293,5,20.91
293,3,19.51
293,2,19.41
293,6,20.87
294,5,13.71
294,6,14.89
295,6,1.32
296,3,6.07
297,2,3.7
297,8,2.19
297,1,2.97
297,5,1.8
298,4,1.3
299,6,1.37
300,8,4.05
301,7,3.33
301,6,5.98
301,2,5.21
302,7,3.44
302,1,4.56
302,2,4.7
303,7,2.31
303,4,0.66
303,5,2.65
304,8,2.89
305,4,2.61
305,1,3.65
306,5,1.29
306,7,3.22
306,8,1.62
306,2,1.57
307,2,0.34
307,1,2.13
307,4,2.37
308,3,3.89
309,3,3.72
309,2,4.23
310,8,5.57
311,8,4.11
311,2,2.27
312,1,4.52
312,5,4.35
312,6,4.78
313,8,4.35
313,5,3.78
313,1,3.0
313,7,3.72
314,3,3.18
315,2,1.48
315,8,0.77
315,5,1.51
315,6,2.68
316,1,2.82
317,3,2.84
318,1,3.02
318,6,2.87
318,4,1.72
319,7,1.09
319,8,3.21
319,3,3.04
319,2,1.04
320,3,2.72
320,8,3.45
321,4,5.12
321,7,2.31
321,3,5.2
321,2,3.58
322,6,3.68
322,1,1.46
322,4,2.22
322,3,2.57
323,6,1.1
323,5,0.3
323,3,2.78
324,6,4.13
324,2,4.35
325,2,0.96
325,1,0.55
325,4,2.91
325,8,0.88
326,8,2.29
326,4,1.01
327,6,0.65
327,7,0.3
327,2,1.77
328,6,3.72
329,2,3.07
330,1,2.28
330,6,4.15
331,2,2.4
332,7,1.86
332,6,1.95
332,3,3.37
333,6,3.29
334,1,0.39
334,8,1.7
335,7,1.38
336,6,1.65
336,7,2.72
336,5,0.48
336,8,1.28
337,4,1.78
338,1,0.3
338,6,1.85
338,8,2.44
339,6,2.01
339,1,2.45
339,3,2.75
340,1,1.67
340,2,4.18
340,8,1.98
341,7,3.57
341,8,3.42
342,1,4.31
343,8,3.83
344,2,4.18
344,1,4.56
344,3,5.32
344,5,2.76
345,8,3.31
346,4,4.07
346,2,4.89
347,1,0.3
347,5,0.62
348,8,0.56
348,7,2.9
349,6,2.46
349,5,3.95
349,4,4.18
350,8,6.17
350,2,4.76
350,4,3.39
350,5,3.42
351,7,1.89
352,8,2.24
352,1,1.85
352,6,1.73
353,8,3.46
353,4,1.73
353,1,2.8
353,6,1.87
354,6,2.49
355,7,3.89
355,3,3.93
356,3,1.95
356,6,1.92
356,1,4.31
356,5,2.03
357,2,3.16
358,5,4.9
358,7,2.41
359,7,0.3
359,2,1.93
359,8,2.62
359,3,0.3
360,2,1.8
360,5,2.7
361,8,1.65
361,7,1.74
361,6,0.3
362,3,2.57
362,6,3.59
362,8,1.31
362,7,1.67
363,1,1.03
364,7,1.73
364,5,1.57
364,4,1.82
365,6,1.14
365,4,2.6
365,1,3.06
365,7,2.59
366,3,3.28
366,4,3.16
366,8,3.09
367,3,3.72
367,6,5.79
367,4,5.56
367,5,3.71
368,1,2.78
368,8,3.5
368,3,5.03
368,4,3.41
369,8,4.3
369,5,3.08
369,4,4.04
370,8,3.74
370,6,2.72
371,8,3.64
372,1,5.06
372,3,4.94
372,4,3.99
373,4,4.18
373,8,3.75
374,3,2.31
375,3,5.91
375,7,5.87
376,3,1.25
376,8,2.92
376,4,3.35
376,5,1.96
377,6,5.28
377,2,6.56
377,8,5.94
377,5,6.07
378,1,3.14
378,6,1.69
379,8,3.75
379,5,4.53
379,4,2.35
379,1,3.73
380,3,3.98
380,6,1.78
380,4,4.29
380,2,3.7
381,8,6.11
381,3,5.41
381,1,4.31
382,7,3.14
382,4,3.55
382,5,3.99
383,3,5.52
383,5,4.39
384,3,2.77
385,2,3.33
385,3,3.53
385,7,4.71
386,3,4.49
386,5,5.48
386,7,2.79
387,4,3.99
387,5,5.48
388,3,4.22
388,8,5.62
388,1,4.3
389,7,4.98
389,6,4.28
389,5,3.44
390,8,2.94
391,6,3.88
391,1,4.04
392,4,5.18
392,2,3.82
392,6,6.16
393,8,4.76
394,6,5.96
394,7,4.53
394,8,3.5
395,5,4.24
395,1,5.89
396,3,2.05
396,5,1.0
396,7,1.13
396,4,1.81
397,6,4.06
397,1,3.44
397,4,3.31
398,3,5.67
398,8,3.79
399,5,5.51
399,8,3.63
399,3,3.85
400,7,4.38
400,8,5.49
400,5,6.28
401,4,1.96
401,6,0.3
402,2,3.91
402,4,3.19
403,1,0.3
404,1,3.06
405,1,12.44
405,4,11.96
405,7,10.6
405,6,12.19
406,6,4.36
406,1,5.2
407,3,5.23
407,4,4.93
407,7,5.05
408,7,9.78
408,8,10.68
408,3,10.6
409,4,7.12
409,7,7.29
410,4,5.53
411,7,8.14
412,5,3.09
412,4,5.76
413,3,4.21
413,5,5.3
414,7,5.65
415,7,7.36
416,8,5.24
416,2,2.88
416,1,4.47
416,4,4.54
417,7,5.65
418,8,4.05
419,3,5.53
419,7,3.59
419,8,3.71
420,5,6.89
420,8,5.26
421,1,3.37
421,8,4.22
422,4,6.19
422,2,6.36
422,3,6.28
423,6,3.25
423,2,3.48
423,4,3.6
424,3,6.84
425,2,2.67
425,5,3.14
425,3,1.95
425,1,1.85
426,7,1.87
427,3,3.09
427,5,1.65
428,5,2.71
428,2,1.99
428,8,3.51
428,7,4.1
429,1,4.89
430,1,3.62
430,7,2.79
431,4,2.12
431,6,4.01
431,5,3.21
432,2,4.63
432,1,1.81
433,1,3.36
433,4,2.11
433,8,4.29
434,4,5.09
434,8,5.42
434,2,4.11
435,2,0.77
436,8,1.42
436,5,2.62
437,5,3.76
437,6,1.63
438,2,2.71
439,8,2.51
439,5,0.8
439,2,1.06
440,4,2.2
440,5,2.26
441,1,2.43
441,8,2.26
441,4,2.6
442,3,5.22
443,5,1.28
443,7,1.24
443,1,1.36
444,5,3.79
444,7,1.61
444,1,3.47
444,6,2.41
445,1,3.96
445,5,2.66
445,3,4.09
446,1,2.96
446,7,4.07
446,2,1.94
447,2,3.43
447,4,4.8
448,3,3.53
448,7,3.46
448,5,3.66
448,1,2.42
449,3,6.94
449,8,4.61
449,7,4.44
449,6,6.58
450,6,4.06
451,7,4.84
451,2,3.7
452,1,2.83
452,4,1.98
453,6,2.3
454,5,4.66
454,2,4.69
455,6,5.21
455,2,5.4
455,5,5.65
456,7,3.45
456,6,3.4
457,7,4.96
457,6,4.07
457,3,6.73
457,8,6.07
458,1,0.94
458,8,3.25
458,6,1.63
458,3,1.2
459,1,2.94
459,6,1.77
460,3,4.57
460,8,4.33
460,4,2.68
460,7,3.7
461,1,2.77
461,5,3.3
461,8,3.82
461,2,2.24
462,5,6.89
463,1,5.1
463,4,3.37
464,4,5.97
465,6,5.66
465,4,5.55
466,2,4.29
466,8,6.64
467,5,4.56
467,8,4.41
467,3,5.29
468,7,3.56
468,5,2.91
468,2,3.9
469,6,3.78
470,8,6.24
470,7,6.93
470,1,8.42
471,8,5.01
471,6,5.11
471,2,4.42
471,7,4.07
472,3,6.44
472,4,7.26
472,2,6.88
472,7,6.05
473,3,9.47
473,7,7.12
473,1,9.21
474,3,10.23
475,5,13.12
475,1,12.54
475,7,12.74
475,4,14.12
476,7,12.04
476,2,12.65
476,6,13.01
476,8,11.27
477,8,9.21
478,3,19.29
478,1,16.78
478,7,19.21
478,4,17.05
479,7,11.38
480,7,14.33
480,3,13.96
480,6,14.64
480,4,14.18
481,4,14.82
481,3,15.34
481,2,14.37
481,5,13.14
482,4,10.88
483,4,9.33
483,8,9.84
483,2,9.63
483,3,9.07
484,7,9.06
484,4,7.52
485,6,16.1
486,4,10.3
486,5,9.41
486,3,11.27
486,7,9.22
487,5,18.06
487,4,16.11
487,8,17.12
488,6,10.94
488,5,11.21
488,4,10.63
489,7,15.59
489,6,16.09
489,2,16.28
489,5,16.91
490,1,11.01
490,4,11.54
490,3,12.08
490,7,12.01
491,2,13.01
491,7,12.64
491,3,11.23
491,8,13.2
492,1,19.0
492,7,18.05
493,5,15.16
493,6,16.17
493,4,14.6
493,3,15.48
494,3,20.8
494,2,19.32
494,4,19.16
494,5,19.78
495,5,19.57
495,3,20.91
495,4,19.85
496,6,18.11
496,2,18.71
496,7,17.58
496,4,20.48
497,7,21.08
498,6,15.88
498,1,14.56
498,3,15.19
499,7,13.95
499,4,13.35
500,2,14.34
500,4,12.09
500,8,14.8
500,5,12.29
501,3,13.11
501,6,13.03
501,5,13.87
501,2,14.9
502,2,17.58
502,4,18.66
502,6,19.87
502,5,19.11
503,6,16.15
503,5,18.11
503,4,16.0
504,5,4.81
504,1,4.68
505,6,3.02
505,2,3.51
506,6,3.74
506,2,4.66
506,5,3.79
506,8,1.95
507,8,4.6
507,4,2.85
507,2,5.47
508,8,4.87
508,4,2.8
509,3,0.4
510,7,3.49
510,8,4.56
511,3,0.97
511,8,2.24
512,4,0.71
513,2,0.3
513,6,2.36
513,3,2.5
513,8,0.3
514,7,5.43
514,6,3.98
515,6,4.84
515,8,2.92
515,4,2.79
516,6,4.1
517,4,4.43
517,2,2.63
517,1,3.41
518,7,4.6
519,3,3.57
519,6,3.24
519,4,2.83
519,5,4.63
520,2,2.94
521,1,3.52
521,4,3.19
521,6,1.58
521,2,3.48
522,5,1.56
522,1,1.55
522,2,4.03
522,7,1.38
523,3,3.97
523,5,4.88
523,2,3.25
523,1,4.01
524,6,1.85
524,5,2.18
524,4,2.92
525,8,1.55
525,7,3.38
526,5,0.98
526,2,0.86
526,4,2.01
526,7,0.48
527,3,2.48
527,2,0.84
528,7,3.24
529,3,1.55
530,7,2.14
530,5,3.91
530,8,2.53
531,6,2.54
531,8,1.1
531,5,3.1
531,7,1.53
532,4,1.47
532,5,2.71
533,7,3.77
533,1,3.7
534,4,3.36
534,8,3.91
534,7,2.92
534,3,2.22
535,8,1.61
535,4,3.53
535,6,1.28
535,3,3.81
536,1,1.27
536,8,2.0
536,6,3.76
537,7,3.08
537,4,2.75
537,3,1.2
538,7,2.29
538,6,3.71
538,2,1.7
538,1,1.71
539,4,4.16
539,1,3.81
539,3,4.39
540,7,0.71
540,2,1.15
540,3,0.6
540,1,1.31
541,7,2.24
541,1,3.21
542,2,0.74
542,5,0.31
542,3,1.5
543,4,0.3
543,1,1.03
543,7,2.49
543,5,1.71
544,2,1.11
544,7,0.3
545,1,2.98
545,6,2.73
545,2,1.87
545,7,2.18
546,8,4.26
546,1,3.34
546,2,3.56
547,2,2.79
547,7,0.93
547,6,1.23
547,3,1.83
548,2,3.77
548,4,5.12
548,3,5.41
549,4,0.74
550,2,1.27
551,3,3.14
551,6,5.02
551,8,5.47
552,8,3.87
552,6,3.41
552,1,4.07
553,6,3.69
553,7,3.55
553,5,5.2
554,6,5.05
554,3,4.15
555,6,5.48
556,6,1.84
556,4,3.61
556,5,3.93
557,3,3.55
557,4,5.28
557,8,6.13
557,6,4.07
558,6,3.96
558,1,3.89
558,3,5.44
558,4,2.97
559,2,3.87
560,5,3.46
560,8,4.6
560,3,3.76
560,7,2.36
561,7,1.07
562,4,1.95
562,6,3.1
562,2,3.06
563,8,5.53
564,1,1.19
565,4,4.15
565,5,3.74
565,8,2.56
565,2,2.97
566,5,3.62
566,2,3.91
566,6,3.75
566,3,2.98
567,5,2.74
567,6,0.86
567,8,2.23
568,1,2.63
568,6,2.59
569,5,0.3
569,3,1.59
570,4,2.26
570,2,3.9
570,8,2.88
571,8,3.5
572,5,3.32
572,7,2.4
573,7,2.17
573,5,2.3
573,6,1.04
574,7,4.89
575,5,2.79
575,2,3.24
576,1,3.82
576,4,3.65
576,8,4.81
576,2,4.24
577,8,2.08
577,4,2.2
577,5,2.98
578,7,3.75
578,5,3.66
579,7,3.33
579,4,4.96
580,5,5.88
580,8,4.07
580,1,3.81
581,5,3.06
581,1,1.35
582,4,2.94
582,1,1.67
582,8,1.31
582,2,1.35
583,5,1.6
583,7,2.6
583,3,3.83
584,7,5.85
584,6,5.59
584,5,6.24
585,2,3.99
586,6,4.37
586,4,2.71
587,3,2.99
587,8,3.6
588,1,5.86
588,4,6.32
588,6,4.02
589,5,5.04
590,5,3.19
590,6,4.24
591,6,2.84
591,5,3.48
591,4,2.99
592,1,1.41
592,4,2.85
592,2,2.62
592,7,3.03
593,1,2.63
593,6,3.32
594,8,3.08
594,2,0.83
594,5,1.74
594,3,2.0
595,8,2.78
595,7,2.56
595,1,2.98
595,6,3.47
596,2,2.45
596,7,1.43
596,3,1.71
596,4,0.63
597,1,2.42
597,2,2.24
598,2,4.89
598,5,4.52
598,3,5.08
599,1,2.33
599,3,2.49
599,4,2.97
600,3,3.89
600,4,2.2
601,2,2.0
601,3,3.31
601,8,4.47
601,4,2.58
602,7,3.36
603,1,3.75
603,8,4.33
603,2,5.48
603,6,5.33
604,2,0.74
605,5,3.85
605,6,2.36
605,7,3.43
606,2,4.44
606,3,3.76
606,7,6.06
606,6,4.52
607,4,5.0
607,5,4.1
608,5,2.75
608,2,3.2
608,4,2.82
608,6,1.95
609,2,2.46
610,4,4.16
610,6,4.91
610,3,3.26
610,8,5.46
611,3,5.84
611,5,5.19
611,4,4.74
611,6,4.22
612,6,1.43
613,4,5.06
613,7,6.64
613,1,4.86
614,6,9.95
614,2,10.17
614,4,9.56
615,6,5.81
616,6,7.61
616,3,8.4
617,8,10.18
617,6,11.96
618,4,4.39
618,2,6.57
618,6,4.08
618,3,4.14
619,3,10.94
619,8,8.75
620,5,7.34
620,6,6.24
621,4,10.91
621,7,11.01
622,7,7.17
622,4,7.94
623,3,9.17
623,2,9.56
623,4,9.7
623,7,9.86
624,1,3.78
625,3,4.07
626,6,3.9
626,7,2.69
627,6,7.96
627,7,6.88
627,2,7.15
627,5,6.65
628,1,4.21
628,2,2.77
628,8,3.93
629,5,5.97
629,6,6.33
630,8,4.82
630,7,2.4
630,4,2.87
631,2,2.85
631,7,4.44
632,2,3.88
632,3,2.98
633,8,2.52
633,3,3.03
634,8,3.96
635,6,0.74
635,8,1.53
635,4,0.52
635,7,1.04
636,8,3.52
636,5,1.25
636,6,1.35
637,8,1.47
637,4,2.14
638,5,2.86
638,7,3.9
638,2,3.51
639,4,4.14
639,6,2.08
639,7,3.56
640,1,1.73
641,4,2.25
641,7,2.54
641,2,2.14
642,4,2.87
642,1,3.88
642,8,1.05
642,5,3.4
643,1,4.8
643,4,4.31
644,8,2.6
644,6,2.99
644,1,2.65
645,5,1.55
645,7,4.43
646,7,2.91
646,5,0.34
647,5,6.22
647,4,3.64
648,3,1.47
648,6,0.43
648,2,0.3
648,5,0.89
649,3,5.22
649,1,2.95
650,6,2.49
650,4,2.11
650,3,1.45
651,2,2.41
652,7,2.89
652,3,2.61
652,6,5.08
652,2,2.93
653,1,3.92
653,7,5.45
654,6,3.09
654,3,2.56
655,2,4.97
656,4,1.19
656,8,1.46
657,8,2.87
657,4,3.65
657,1,3.03
657,5,1.55
658,2,4.92
658,5,4.23
659,8,2.86
659,3,3.8
659,6,3.85
660,8,1.4
660,2,3.68
660,7,1.24
660,6,2.21
661,7,1.76
661,6,1.3
661,2,3.35
661,5,2.5
662,6,6.26
663,8,5.79
663,3,5.81
664,5,2.53
665,8,2.16
666,3,4.14
666,7,6.67
666,4,4.74
667,3,4.11
667,2,3.03
667,6,2.02
668,5,5.75
668,6,7.83
668,4,6.22
669,4,9.18
669,1,9.12
670,3,7.53
671,4,7.99
671,1,6.36
672,7,3.29
673,4,6.67
673,7,6.89
673,2,4.69
674,8,12.67
674,5,12.01
674,2,13.32
674,4,11.55
675,7,17.84
675,4,18.4
675,1,17.29
675,5,17.26
676,8,16.49
676,1,17.27
677,8,10.54
678,7,8.1
678,6,9.9
678,3,8.73
678,4,8.15
679,7,15.62
679,5,16.27
680,6,13.89
680,7,14.15
681,8,9.27
681,5,9.21
682,1,10.43
682,6,8.66
683,3,16.38
683,4,16.76
683,6,16.92
683,2,16.31
684,4,14.1
685,8,17.96
686,5,12.79
686,3,11.23
686,7,11.96
687,3,9.11
687,4,9.9
688,5,11.47
688,1,12.07
689,8,15.94
689,1,15.62
689,6,17.05
689,3,14.86
690,8,11.23
691,5,17.96
691,8,18.66
691,6,19.03
692,8,14.01
692,6,15.53
692,4,16.14
692,7,16.42
693,3,10.82
693,4,11.44
693,5,9.71
694,7,13.55
694,2,13.9
694,1,16.25
695,4,15.38
695,7,16.6
695,3,15.26
695,1,15.7
696,1,11.58
697,2,17.32
698,3,9.83
698,2,10.28
698,1,12.48
699,1,21.08
699,2,21.53
699,7,21.58
700,2,19.59
701,4,18.75
702,3,21.5
703,7,4.0
703,4,3.86
703,6,5.07
703,2,3.59
704,6,2.4
704,3,4.76
704,8,4.91
704,7,3.81
705,7,2.97
705,1,3.09
706,4,3.95
706,3,2.42
706,2,4.95
707,3,5.63
707,1,3.88
708,3,2.04
708,7,2.41
709,8,2.17
710,5,4.05
710,2,3.66
710,6,2.84
711,2,2.24
711,1,2.4
711,3,4.78
712,4,3.02
712,2,2.61
712,1,3.92
712,7,4.6
713,6,1.49
713,3,2.48
713,2,1.98
714,7,3.06
715,6,4.4
716,5,0.7
716,8,2.03
716,1,1.01
717,8,3.36
717,7,2.81
718,7,3.08
718,2,2.15
718,1,2.72
718,8,2.64
719,5,2.74
719,7,1.09
720,2,4.06
720,3,4.38
721,2,3.65
721,1,1.82
721,4,3.98
721,6,4.15
722,7,3.87
722,5,5.39
722,3,5.77
723,3,3.06
723,4,5.13
724,1,1.8
724,3,3.99
724,4,3.77
725,8,4.45
726,1,0.9
726,6,0.87
727,5,1.1
727,8,3.13
727,7,2.86
727,1,1.33
728,8,2.9
729,8,1.27
730,7,1.18
730,4,0.3
730,3,0.69
730,2,1.91
731,5,4.63
731,7,4.2
731,3,3.01
732,2,2.1
732,4,1.16
732,8,1.12
733,3,3.53
733,7,4.88
733,6,2.17
734,4,0.68
735,8,1.94
735,5,1.16
736,5,2.03
736,1,1.16
736,3,1.87
736,4,0.3
737,3,3.64
737,8,1.94
738,5,2.44
738,4,1.53
738,8,2.37
739,1,1.96
739,5,3.23
739,2,1.97
740,2,0.72
741,4,1.97
741,2,3.95
741,6,1.51
741,5,3.24
742,5,2.38
742,3,0.93
742,8,2.56
743,5,3.71
743,3,4.3
743,1,5.64
744,6,3.32
744,8,3.45
744,5,2.82
744,3,2.32
745,3,4.53
745,1,4.46
745,4,3.02
745,2,1.88
746,7,2.33
746,1,3.55
746,6,1.75
746,5,2.48
747,1,5.15
747,6,4.8
748,6,2.06
748,1,4.04
749,1,2.17
749,4,2.44
749,5,3.87
750,8,0.54
750,4,1.44
750,7,0.3
751,1,2.81
752,4,1.99
752,7,2.95
752,1,3.07
752,3,3.48
753,3,2.41
754,6,2.23
754,2,1.53
754,1,3.03
755,7,4.04
755,6,5.71
755,2,5.51
755,3,3.83
756,2,3.42
756,8,3.32
756,1,4.99
756,4,5.5
757,2,2.12
757,7,1.25
757,3,2.29
758,7,3.99
758,4,3.51
759,2,2.42
759,6,3.64
759,3,1.39
760,2,3.93
760,4,5.07
760,7,5.98
760,3,5.63
761,8,2.99
762,3,1.11
762,6,1.67
762,1,2.79
762,4,1.67
763,5,3.2
764,2,0.61
764,7,1.28
764,3,0.46
764,1,1.31
765,1,5.07
766,4,2.86
766,6,2.89
766,7,4.96
767,5,0.73
767,3,2.35
767,1,2.21
768,8,1.23
768,3,2.71
769,8,1.52
770,5,2.26
770,6,2.18
771,2,3.14
771,3,3.99
772,8,2.99
773,4,5.37
773,3,4.59
773,6,4.38
774,7,2.69
774,4,4.63
774,8,4.53
774,6,3.1
775,4,3.4
775,5,4.41
776,4,5.46
776,1,4.72
776,6,2.56
777,4,3.64
777,7,1.22
778,1,4.62
778,8,3.86
778,4,5.91
779,6,3.6
779,4,2.19
779,1,3.33
779,5,1.38
780,3,3.43
780,5,4.06
781,2,3.71
781,4,4.46
781,7,4.36
782,5,4.6
783,1,4.8
783,7,5.63
783,5,3.73
783,3,4.12
784,8,5.4
784,3,6.03
784,7,6.79
784,2,4.84
785,4,3.86
786,6,3.92
786,2,3.0
786,3,1.95
786,7,2.62
787,3,2.16
788,7,3.76
788,4,4.95
788,3,5.24
788,5,4.94
789,5,6.87
790,6,3.35
791,8,1.41
791,7,1.92
791,4,3.58
791,5,3.68
792,6,6.11
792,7,4.12
792,5,4.57
792,8,5.06
793,2,1.97
793,3,1.64
794,7,2.75
795,3,4.82
796,3,4.49
797,8,3.03
798,7,4.5
798,8,3.85
798,2,4.37
798,4,4.96
799,2,2.15
799,6,2.5
800,1,4.8
801,7,3.05
801,6,2.53
802,5,0.9
803,4,4.06
803,6,1.97
803,2,3.75
803,3,2.53
804,8,1.71
804,7,0.89
804,6,0.95
804,1,3.51
805,4,4.51
805,5,4.63
805,2,3.65
806,7,3.65
806,6,3.31
807,1,2.36
808,2,5.69
809,6,2.41
809,3,3.96
809,4,4.31
810,6,5.16
811,7,4.35
812,6,6.0
812,2,6.2
813,3,11.33
813,2,9.73
813,8,9.69
813,5,9.98
814,1,5.78
814,3,5.34
814,2,4.76
815,8,3.71
815,2,5.22
816,7,8.62
816,2,7.59
816,5,8.91
816,3,7.75
817,5,10.47
818,5,10.69
818,2,11.75
818,6,12.79
819,6,10.24
819,7,10.9
820,4,11.37
820,6,11.79
821,3,4.31
821,1,4.52
821,7,4.38
822,8,12.37
822,3,11.07
822,1,12.13
822,2,9.97
823,7,5.81
824,8,6.21
824,4,7.51
824,5,5.96
824,6,8.53
825,7,3.27
825,8,4.95
826,4,4.67
826,2,4.96
827,6,5.56
828,6,3.86
829,8,7.91
829,7,7.86
829,4,6.93
830,6,6.56
830,4,7.45
830,5,7.14
830,7,8.24
831,7,8.28
832,3,3.13
832,8,3.29
832,6,4.91
832,2,5.67
833,1,2.13
833,7,2.11
834,4,3.87
834,5,4.55
834,1,4.58
834,3,5.06
835,3,4.8
836,3,1.42
837,5,1.6
837,7,0.43
837,2,1.45
837,4,1.8
838,6,2.48
839,4,1.79
839,2,2.15
839,8,3.2
840,4,3.82
840,3,1.92
841,4,5.58
842,2,3.67
842,4,4.25
842,6,4.82
843,1,3.59
843,3,4.21
843,7,1.48
843,8,3.75
844,2,4.15
844,3,4.81
844,7,2.24
844,4,4.69
845,6,4.39
846,1,4.4
846,5,3.0
846,3,4.55
846,2,5.15
847,6,4.42
848,6,4.88
848,8,3.65
848,1,4.37
848,4,4.04
849,2,2.82
850,2,2.34
850,6,2.16
850,7,2.56
851,8,1.85
851,5,4.1
851,3,3.96
851,7,2.52
852,1,0.78
852,6,1.03
852,7,2.41
852,8,2.43
853,1,3.61
853,4,3.87
853,2,4.69
854,6,3.09
854,8,2.63
854,3,1.55
855,1,3.27
856,3,3.57
857,2,3.18
857,7,3.7
857,8,5.82
857,6,5.15
858,7,5.27
859,2,5.24
859,6,5.49
859,3,5.32
860,2,3.52
861,1,3.17
861,2,1.8
861,5,2.2
861,7,2.45
862,7,4.87
862,4,4.64
862,3,3.53
862,5,3.16
863,8,3.81
864,2,4.35
864,7,3.44
864,8,3.58
865,8,6.43
865,7,5.37
865,3,6.09
866,7,2.76
866,1,2.78
866,4,2.77
867,8,4.97
867,3,5.51
867,2,5.23
868,1,3.54
869,5,3.0
869,3,5.47
869,2,4.48
870,1,3.45
871,5,3.8
871,1,3.03
871,8,3.36
872,2,3.57
872,7,1.77
872,3,3.33
872,4,3.28
873,6,6.17
873,7,4.96
874,7,2.1
874,2,2.54
874,5,2.48
875,1,3.92
875,3,3.06
875,7,2.1
875,8,2.44
876,6,2.6
876,1,2.23
877,5,4.14
877,6,2.1
877,3,2.08
878,4,7.47
878,8,6.12
879,3,7.36
880,6,7.89
880,3,8.3
881,4,7.69
882,2,5.9
882,3,5.62
882,4,5.74
882,8,4.92
883,5,4.1
883,4,4.29
884,3,2.78
884,1,5.07
884,4,3.73
885,3,4.48
886,3,7.0
886,2,5.56
886,4,8.03
887,7,6.68
887,5,5.19
888,5,6.37
888,2,8.11
888,6,6.48
888,3,7.78
889,2,3.2
889,8,3.69
889,4,3.5
890,8,4.08
890,1,3.34
891,4,8.19
891,3,7.05
891,5,6.4
892,1,3.38
892,4,4.74
893,1,7.33
893,5,6.48
894,1,5.13
894,5,6.51
895,5,5.27
895,4,5.7
895,6,4.76
896,4,2.17
897,1,5.9
897,4,7.2
897,8,6.85
897,5,6.12
898,7,9.95
899,2,18.33
899,4,16.42
899,6,16.92
900,2,17.52
900,8,16.12
900,4,17.14
900,3,15.59
901,4,8.71
902,6,8.62
902,1,7.17
903,7,11.81
903,8,12.48
904,2,8.23
904,1,9.35
905,2,11.09
906,3,17.65
906,7,17.41
907,1,13.17
907,3,11.01
908,3,14.97
908,7,13.02
908,1,13.85
908,2,14.15
909,5,9.57
909,2,9.24
909,6,9.67
909,7,7.91
910,3,17.68
910,6,16.5
911,5,14.89
911,1,14.57
911,6,12.26
911,2,14.65
912,8,15.39
912,1,15.38
912,2,15.32
913,8,11.49
913,2,9.77
914,3,15.51
914,1,15.11
914,8,16.12
915,5,9.38
916,2,13.49
916,7,14.53
916,4,12.21
917,2,8.23
918,3,19.07
918,6,21.22
919,6,17.2
919,7,17.35
919,8,17.48
920,6,14.18
920,1,14.5
920,3,14.68
920,4,14.85
921,8,20.76
922,1,15.25
922,8,15.11
922,7,15.99
922,4,14.05
923,1,13.27
923,8,14.1
923,4,12.85
923,7,15.02
924,2,18.72
924,4,17.64
924,3,17.62
925,1,14.25
926,3,9.18
926,6,11.54
926,5,10.72
926,8,9.04
927,8,21.25
927,7,22.55
927,6,22.3
928,6,2.88
928,3,1.41
928,2,0.3
928,1,3.07
929,7,3.29
929,1,3.97
929,8,5.03
929,2,3.93
930,4,0.6
930,8,1.94
930,2,2.21
930,6,2.15
931,4,3.8
932,3,3.19
932,1,1.71
933,4,2.08
933,2,3.59
934,3,1.54
934,2,2.58
934,8,0.65
935,6,4.2
935,3,2.45
935,5,3.16
936,5,1.17
936,2,3.52
936,1,2.55
937,4,3.97
937,3,2.89
938,5,1.19
938,7,3.53
938,6,3.62
939,6,0.3
939,4,1.98
940,2,1.49
941,6,3.19
942,7,3.14
942,1,1.31
943,4,4.98
943,5,2.88
943,1,5.08
943,7,5.62
944,5,3.14
944,3,3.29
945,1,5.16
946,7,4.25
947,6,4.29
947,3,5.1
947,5,3.34
948,7,2.08
948,8,2.1
949,5,0.3
949,4,0.49
949,6,0.99
949,3,2.23
950,8,2.5
950,5,0.3
950,4,1.03
950,1,1.42
951,5,2.12
952,7,3.03
952,6,4.0
952,8,4.62
953,1,3.79
953,5,3.22
954,2,0.3
954,7,3.06
954,3,0.3
954,8,1.22
955,7,2.09
955,3,2.76
955,5,2.79
955,4,3.22
956,3,3.9
956,6,2.44
956,5,3.81
956,4,4.1
957,3,1.32
958,7,1.54
958,2,0.78
958,3,0.94
959,3,3.04
959,8,1.36
960,2,2.18
960,3,3.7
960,6,4.6
961,3,2.13
962,3,4.21
962,6,3.75
963,7,2.22
963,2,4.64
963,5,2.3
964,7,2.81
964,6,1.81
964,2,2.84
965,2,0.3
965,1,0.67
965,5,1.79
966,7,5.27
966,3,2.58
967,3,2.95
967,5,1.57
968,5,3.63
968,4,3.99
969,5,4.53
969,6,3.09
969,8,5.87
969,3,4.27
970,4,2.98
970,8,0.38
971,7,3.4
972,6,3.04
972,7,1.9
972,4,2.88
972,3,1.35
973,5,3.24
974,2,3.78
974,8,4.77
974,6,3.51
975,5,4.78
975,1,5.35
975,4,5.99
975,3,5.1
976,3,2.72
976,8,3.18
976,2,2.38
977,3,5.11
977,5,4.79
978,7,5.91
979,2,3.18
979,1,2.06
979,4,2.98
979,8,3.54
980,5,5.57
981,4,5.17
981,8,3.97
982,6,5.35
982,3,5.92
982,2,5.4
982,1,3.54
983,5,4.11
983,7,2.92
983,2,3.24
983,3,3.04
984,8,1.37
985,7,2.14
985,2,3.28
985,3,4.91
986,5,2.98
986,3,4.04
987,1,3.1
987,3,0.64
987,8,0.65
988,8,3.87
988,3,3.84
988,5,4.31
988,1,2.67
989,8,1.67
989,7,0.3
989,1,0.3
990,1,1.78
990,5,2.9
990,2,2.68
990,3,1.45
991,1,4.72
991,2,2.68
992,3,2.5
992,8,3.06
992,6,2.81
993,4,1.39
993,8,1.2
993,7,0.36
993,5,1.18
994,5,0.56
994,6,0.82
994,2,1.98
995,8,4.37
995,7,4.28
996,8,2.65
996,7,3.12
997,7,2.28
997,1,2.32
997,5,0.33
998,7,5.4
998,8,5.39
998,2,3.81
998,4,5.2
999,8,3.56
1000,4,2.04
1000,1,2.9
1000,5,1.82
1000,8,3.03
1001,2,3.72
1001,7,1.8
1001,6,2.6
1002,5,2.61
1002,8,4.82
1003,2,4.83
1004,3,3.96
1004,7,2.39
1005,3,3.8
1005,1,6.78
1006,4,4.94
1006,7,6.36
1006,8,5.23
1006,3,5.85
1007,4,5.79
1008,6,1.25
1008,5,0.94
1009,7,4.6
1009,1,4.15
1009,4,5.38
1010,6,5.01
1011,1,4.76
1012,5,3.36
1012,3,2.48
1012,4,3.7
1013,2,2.08
1014,1,5.41
1014,2,6.66
1014,5,5.9
1015,3,3.58
1015,6,3.61
1015,4,3.16
1015,8,2.16
1016,4,2.9
1016,6,1.29
1016,7,2.71
1017,7,5.27
1017,6,5.59
1018,3,6.06
1018,4,5.13
1018,8,3.92
1018,2,5.59
1019,4,2.59
1019,2,2.56
1019,6,2.24
1019,1,3.37
1020,6,5.08
1021,7,2.4
1022,2,4.57
1023,7,5.05
1023,4,2.64
1023,5,2.53
1024,5,3.69
1025,2,3.05
1025,8,3.11
1025,6,3.09
1026,3,4.75
1027,6,3.61
1027,1,4.92
1027,8,5.36
1028,4,1.92
1028,7,2.82
1029,7,4.52
1029,1,5.46
1029,8,5.39
1030,8,2.86
1030,4,1.7
1030,7,3.08
1031,6,0.3
1032,2,4.1
1032,5,2.38
1032,7,1.74
1032,3,3.24
1033,2,5.49
1034,5,3.95
1034,8,3.7
1035,2,3.1
1035,5,0.64
1035,8,2.35
1036,7,1.63
1036,6,0.3
1036,1,0.59
1037,7,2.4
1037,2,3.42
1037,8,3.25
1037,1,1.85
1038,8,7.04
1038,5,7.04
1038,2,7.72
1039,3,9.11
1040,8,8.01
1040,2,8.8
1040,1,8.15
1040,7,10.31
1041,1,7.44
1041,6,9.66
1041,7,9.38
1041,3,8.17
1042,7,3.84
1042,5,3.39
1042,8,3.19
1043,4,5.71
1043,7,7.73
1043,6,8.1
1043,5,7.5
1044,7,7.78
1044,1,6.78
1045,7,3.82
1045,8,6.32
1046,8,4.14
1046,4,4.36
1047,1,6.5
1047,5,8.59
1047,6,6.34
1048,8,3.72
1048,3,4.04
1048,4,3.69
1048,7,4.94
1049,6,4.24
1049,8,3.31
1049,1,4.11
1050,7,7.8
1050,6,7.16
1050,1,7.8
1050,2,6.77
1051,1,5.81
1051,4,7.81
1051,8,7.26
1052,1,7.47
1052,7,6.82
1052,3,6.28
1052,6,8.47
1053,1,6.42
1053,8,6.85
1053,2,8.83
1054,4,3.13
1054,5,4.36
1054,8,4.91
1054,7,4.54
1055,5,6.78
1055,6,6.51
1056,7,6.48
1057,8,2.86
1057,5,3.37
1057,1,4.3
1057,3,3.05
1058,5,4.01
1058,6,4.43
1059,7,4.06
1059,2,4.75
1059,6,4.86
1060,4,2.67
1061,1,4.84
1062,3,1.54
1062,6,3.9
1063,5,4.03
1063,3,4.2
1064,6,3.42
1064,3,2.94
1064,4,4.19
1064,2,5.04
1065,4,4.85
1065,1,5.13
1066,5,3.68
1066,2,4.45
1067,6,1.65
1067,8,1.54
1067,1,1.71
1067,7,4.19
1068,3,1.31
1069,3,4.28
1069,8,3.04
1069,4,3.04
1070,2,5.32
1070,1,4.92
1070,7,2.96
1071,4,4.43
1071,1,1.54
1071,7,3.25
1072,3,5.35
1072,2,3.58
1072,1,3.68
1073,7,0.83
1074,8,3.18
1074,6,2.86
1074,1,2.0
1075,6,3.02
1075,8,3.1
1075,1,1.55
1076,1,1.79
1076,7,3.35
1076,8,2.05
1076,5,2.4
1077,3,2.48
1077,2,1.97
1077,4,2.39
1078,7,5.48
1079,1,3.42
1079,6,3.59
1079,3,2.7
1080,3,4.6
1080,7,2.28
1080,2,4.86
1081,5,1.91
1081,1,3.11
1082,8,4.15
1082,4,2.77
1082,7,2.69
1083,2,4.89
1083,5,4.13
1083,3,6.11
1084,6,2.9
1084,7,0.55
1084,4,2.53
1085,6,3.23
1086,6,4.01
1086,5,3.22
1087,3,3.57
1088,6,3.43
1088,1,2.41
1088,3,3.62
1088,2,3.45
1089,4,5.49
1089,8,4.47
1089,1,4.17
1090,1,3.93
1091,5,1.54
1091,4,1.22
1092,3,5.14
1093,3,3.66
1094,8,3.81
1095,5,7.06
1095,1,5.85
1095,8,4.17
1096,2,5.54
1096,4,4.25
1097,1,3.12
1098,4,5.88
1098,2,4.12
1098,8,6.15
1099,4,6.33
1099,6,5.01
1099,2,5.59
1099,7,5.65
1100,3,4.1
1100,8,2.13
1100,6,2.74
1100,4,1.87
1101,4,6.58
1101,7,5.94
1101,6,6.22
1101,5,5.31
1102,5,1.9
1102,3,1.73
1103,8,7.64
1103,7,8.26
1103,4,8.1
1103,6,6.6
1104,3,4.7
1105,5,6.06
1105,8,6.42
1105,1,6.73
1106,8,5.21
1106,1,7.15
1106,4,7.5
1107,6,6.61
1108,1,6.2
1108,6,5.27
1108,4,4.22
1108,3,6.87
1109,1,5.74
1109,7,4.16
1109,4,6.95
1110,2,4.06
1110,5,5.61
1110,3,6.3
1111,8,1.98
1111,7,4.46
1112,8,3.39
1113,6,5.23
1113,7,5.26
1113,4,7.2
1113,2,5.5
1114,8,5.85
1115,1,7.67
1115,3,5.9
1115,4,5.87
1116,3,4.29
1116,6,5.78
1117,3,5.55
1117,1,4.41
1117,2,5.3
1118,6,8.33
1118,4,6.77
1119,4,4.89
1119,8,5.66
1119,3,6.23
1119,5,5.91
1120,7,8.06
1120,4,7.02
1120,6,9.12
1121,7,4.17
1121,3,6.38
1121,1,5.04
1122,4,7.23
1122,5,8.2
1123,5,12.44
1124,3,12.22
1125,7,16.93
1125,4,15.46
1125,2,16.54
1125,8,15.33
1126,2,15.2
1127,4,12.86
1127,8,10.58
1127,1,11.3
1128,5,12.5
1129,6,8.84
1129,7,8.21
1130,5,14.54
1130,7,16.26
1130,6,16.75
1131,6,9.08
1131,2,9.42
1131,4,10.22
1132,6,8.87
1133,2,17.04
1133,5,17.68
1133,6,16.3
1133,3,17.56
1134,7,8.49
1134,8,9.28
1134,2,8.21
1134,6,9.45
1135,1,14.21
1135,5,15.42
1135,3,14.47
1136,1,11.83
1137,1,14.95
1137,5,15.2
1138,3,17.57
1138,1,18.01
1138,6,18.8
1138,4,18.09
1139,2,9.81
1139,6,9.06
1140,3,15.85
1140,7,16.21
1141,4,13.0
1142,1,17.4
1142,4,16.1
1143,5,10.99
1143,4,11.97
1143,2,12.08
1143,1,12.38
1144,5,10.29
1144,4,12.21
1144,8,12.16
1144,2,10.6
1145,3,18.89
1145,4,17.29
1146,7,13.73
1146,8,14.02
1147,5,18.04
1147,7,19.18
1147,2,19.09
1148,3,11.73
1148,5,14.01
1148,1,12.29
1149,1,14.97
1149,7,17.65
1149,2,17.38
1149,3,15.08
1150,8,12.67
1150,6,10.12
1150,7,12.26
1151,6,20.73
1151,2,22.36
1152,4,13.63
1153,8,2.39
1153,3,2.23
1153,2,2.59
1153,5,0.31
1154,3,1.17
1154,5,1.74
1154,2,0.66
1155,4,1.66
1156,4,2.26
1156,5,1.83
1156,2,0.3
1156,6,2.08
1157,1,5.62
1157,7,3.61
1157,6,5.14
1157,5,5.02
1158,7,5.05
1159,8,1.93
1160,2,1.1
1160,4,2.33
1160,5,2.35
1161,5,4.21
1162,6,1.43
1163,6,1.21
1164,3,3.18
1164,1,5.48
1165,6,2.39
1165,2,1.78
1166,5,2.8
1166,3,3.34
1166,4,2.78
1166,6,4.33
1167,2,4.44
1168,6,4.02
1169,2,3.45
1169,4,2.91
1169,1,2.54
1169,6,4.73
1170,4,3.85
1171,1,2.67
1171,7,5.12
1172,1,3.44
1172,3,1.5
1172,2,2.99
1172,5,3.9
1173,6,3.54
1174,3,1.91
1175,8,2.41
1175,2,1.58
1175,5,2.38
1175,6,2.92
1176,3,3.29
1176,1,2.19
1177,2,4.39
1177,3,3.61
1178,2,1.22
1178,1,3.8
1178,6,3.42
1179,1,2.45
1180,4,2.47
1180,7,0.3
1180,1,1.18
1180,5,0.73
1181,1,2.09
1182,2,2.89
1182,6,3.73
1182,3,2.27
1182,5,3.92
1183,2,2.63
1183,4,3.6
1183,1,2.71
1183,8,4.49
1184,2,1.72
1184,7,3.72
1185,3,4.01
1185,6,5.19
1186,5,2.69
1186,1,1.73
1186,6,3.65
1187,8,2.61
1187,7,4.06
1187,6,4.13
1188,5,0.38
1188,7,0.43
1188,3,1.15
1188,6,0.84
1189,7,2.18
1189,6,2.56
1190,4,3.89
1190,3,2.49
1190,6,3.33
1191,7,0.99
1191,6,0.89
1191,4,0.54
1192,5,4.79
1192,4,5.09
1192,6,4.61
1193,2,2.47
1193,4,1.93
1194,5,3.09
1194,2,4.16
1194,8,4.19
1195,8,2.17
1195,4,3.3
1195,7,3.09
1196,5,5.12
1197,8,0.64
1197,4,3.23
1197,6,2.31
1198,2,4.27
1198,5,2.88
1199,1,3.16
1199,5,3.91
1199,6,3.6
1200,2,3.95
1200,7,4.13
1200,4,5.96
1200,8,4.45
1201,3,2.69
1201,4,3.49
1201,2,1.45
1201,7,1.17
1202,5,5.34
1202,8,5.71
1203,5,2.59
1204,8,4.25
1204,3,1.96
1204,6,1.9
1205,8,4.76
1205,4,4.53
1205,7,5.55
1205,2,4.54
1206,4,1.8
1206,1,3.87
1206,6,2.51
1207,8,3.98
1208,2,4.15
1208,4,4.21
1208,7,3.2
1208,3,3.16
1209,1,1.89
1209,8,2.64
1209,6,3.54
1210,8,3.85
1210,1,2.45
1210,3,1.93
1211,5,3.17
1211,1,5.24
1211,7,3.6
1211,6,3.44
1212,2,2.36
1212,1,2.07
1212,7,4.57
1213,4,1.98
1214,5,3.75
1215,6,3.74
1216,6,1.0
1217,5,2.29
1217,7,2.35
1217,8,2.18
1218,1,4.26
1218,2,3.68
1218,6,3.3
1219,3,3.05
1219,8,1.55
1220,3,3.0
1220,1,4.31
1221,1,4.36
1221,7,2.84
1221,8,4.34
1221,2,5.04
1222,5,2.49
1222,8,2.35
1222,2,3.79
1222,4,2.85
1223,2,3.26
1223,4,4.5
1223,3,5.55
1223,1,4.84
1224,5,2.98
1224,8,4.92
1225,8,3.87
1225,5,3.88
1225,3,5.32
1226,3,5.89
1226,4,6.12
1226,6,5.13
1226,5,5.81
1227,4,2.63
1228,8,5.71
1229,3,5.24
1230,8,7.27
1231,4,3.88
1231,7,3.11
1232,8,3.5
1233,6,1.61
1233,4,2.56
1234,1,4.32
1234,6,4.58
1234,8,3.87
1234,2,3.57
1235,1,3.14
1236,7,1.4
1236,3,2.28
1236,6,1.47
1236,2,3.15
1237,7,5.68
1237,4,5.08
1237,6,5.4
1237,3,4.97
1238,1,4.57
1238,8,6.27
1238,7,4.8
1239,7,5.43
1239,6,4.47
1239,8,5.23
1240,6,5.26
1241,4,5.08
1241,2,6.72
1241,3,4.6
1241,6,4.04
1242,8,2.22
1242,4,1.61
1242,7,2.3
1242,6,2.97
1243,3,5.18
1244,2,5.39
1245,1,4.09
1245,6,3.17
1246,7,5.49
1246,1,3.71
1246,4,3.48
1247,7,3.24
1247,4,5.29
1247,2,5.68
1247,5,3.38
1248,3,1.93
1248,1,3.03
1248,5,4.27
1248,2,4.58
1249,5,2.07
1249,3,2.18
1249,8,2.47
1250,4,3.04
1251,2,3.62
1251,8,5.68
1251,1,6.09
1251,3,5.33
1252,3,2.31
1252,4,1.81
1252,5,3.41
1253,8,0.3
1253,6,1.93
1254,5,3.71
1254,8,2.99
1254,1,4.45
1254,6,2.2
1255,6,3.02
1255,1,2.88
1256,1,5.0
1256,3,3.29
1256,8,5.52
1256,5,4.73
1257,3,3.62
1257,4,5.73
1257,8,5.71
1258,2,4.25
1258,5,2.95
1258,3,2.35
1258,4,2.77
1259,5,3.88
1260,5,3.93
1260,2,4.9
1260,1,4.36
1261,1,4.55
1262,6,3.8
1262,2,3.77
1262,5,4.72
1262,3,4.15
1263,1,10.06
1264,5,13.1
1264,3,12.64
1265,2,5.79
1266,2,4.01
1266,7,5.72
1266,4,5.15
1267,8,6.47
1267,7,7.13
1267,1,7.0
1267,5,9.08
1268,2,5.34
1268,3,4.06
1268,4,5.41
1269,1,6.7
1269,7,5.99
1270,7,8.46
1270,8,11.19
1270,5,10.88
1271,1,8.3
1271,4,8.76
1272,5,8.14
1272,1,9.45
1273,4,5.37
1273,5,4.24
1273,1,3.69
1274,5,4.37
1274,6,5.08
1274,7,4.08
1274,1,4.01
1275,7,5.91
1275,6,6.07
1275,8,4.87
1276,2,2.6
1276,5,2.15
1276,8,4.01
1277,6,5.71
1277,1,3.47
1277,7,5.34
1277,5,3.88
1278,6,6.57
1278,5,6.58
1278,8,7.36
1278,2,7.6
1279,1,6.75
1279,4,6.85
1280,5,6.6
1280,6,4.92
1281,4,3.81
1281,1,4.39
1281,2,4.97
1281,8,5.12
1282,1,8.32
1282,7,6.97
1282,3,5.66
1282,2,7.63
1283,4,5.31
1283,8,2.4
1283,7,5.16
1284,1,5.4
1284,2,5.93
1284,4,5.82
1284,8,5.84
1285,4,3.11
1286,3,3.09
1286,8,2.42
1286,1,2.67
1287,7,3.69
1288,1,2.51
1288,3,3.11
1289,7,4.83
1289,5,5.85
1289,3,3.91
1290,6,4.79
1290,1,5.03
1290,2,2.9
1290,8,5.67
1291,1,5.1
1291,5,3.48
1291,7,4.28
1292,4,1.51
1292,7,3.36
1292,1,1.26
1293,3,1.31
1293,8,1.19
1293,4,3.01
1293,2,0.72
1294,4,4.17
1294,5,4.15
1294,7,3.56
1295,4,3.53
1295,7,3.76
1295,1,3.21
1295,3,3.61
1296,3,4.56
1296,4,3.72
1297,8,2.89
1297,5,3.9
1297,2,3.84
1298,4,4.49
1298,6,5.56
1298,3,5.93
1299,1,1.5
1299,7,1.51
1300,1,2.56
1300,8,5.28
1300,7,4.83
1300,3,5.26
1301,2,5.34
1302,2,3.08
1303,6,4.31
1303,5,5.03
1303,2,4.24
1303,8,4.03
1304,2,4.9
1304,4,6.5
1305,8,2.1
1305,3,4.16
1306,5,1.76
1306,1,1.58
1306,3,1.6
1306,4,3.45
1307,7,2.64
1307,5,3.19
1307,1,2.83
1307,4,3.61
1308,8,2.71
1309,6,1.17
1310,6,1.86
1310,8,1.11
1310,7,3.52
1311,8,1.57
1311,3,3.14
1311,6,1.59
1312,5,4.71
1312,1,3.14
1312,8,4.28
1312,2,4.45
1313,3,5.52
1314,1,6.2
1314,7,4.45
1314,4,4.28
1314,5,5.99
1315,3,6.72
1316,1,5.07
1316,3,2.59
1316,6,2.76
1317,3,6.24
1318,3,7.35
1319,6,8.69
1320,1,8.18
1321,3,4.85
1321,1,2.22
1322,6,4.59
1322,3,2.82
1322,4,4.44
1323,2,11.56
1323,3,12.44
1323,7,11.82
1323,1,13.09
1324,1,13.99
1325,7,15.19
1326,4,12.5
1326,2,11.9
1327,3,16.62
1327,4,16.82
1328,3,17.78
1329,2,18.76
1329,5,16.77
1329,8,16.54
1330,7,17.98
1331,1,10.1
1331,3,9.42
1332,6,10.75
1333,6,8.44
1333,1,8.08
1334,1,12.72
1334,3,15.16
1335,2,9.33
1335,3,7.26
1336,7,15.19
1336,2,15.69
1337,3,16.0
1338,2,13.48
1338,1,12.95
1338,3,11.84
1338,7,12.54
1339,4,16.63
1339,1,18.17
1339,2,16.71
1340,6,16.33
1340,8,16.75
1340,4,17.47
1341,4,16.76
1341,1,18.59
1341,5,16.71
1341,7,17.71
1342,4,16.09
1342,7,15.64
1343,7,21.07
1344,6,14.01
1344,5,15.61
1344,3,13.26
1344,2,15.0
1345,3,13.02
1345,8,13.05
1345,2,15.52
1345,1,13.63
1346,8,16.76
1347,1,17.02
1347,7,19.15
1347,5,17.77
1348,4,15.11
1348,5,13.83
1349,7,18.9
1349,1,17.61
1349,3,18.16
1350,2,17.96
1350,3,16.92
1350,5,16.08
1351,5,10.7
1351,8,10.48
1351,2,10.49
1351,7,11.13
1352,7,13.99
1352,1,12.31
1353,6,5.15
1354,6,2.4
1354,5,2.23
1355,7,5.15
1356,3,3.17
1356,8,3.32
1356,4,3.34
1357,5,2.69
1357,8,3.52
1357,6,1.3
1358,4,2.43
1358,5,2.73
1358,2,4.63
1358,6,4.18
1359,2,0.3
1359,7,1.87
1360,5,5.3
1361,8,3.45
1361,6,1.55
1361,1,3.94
1362,5,2.4
1362,6,2.78
1362,7,3.4
1362,4,3.98
1363,1,3.33
1363,4,2.38
1363,7,1.33
1363,2,1.78
1364,4,5.08
1364,3,4.64
1365,5,4.81
1366,5,0.49
1367,5,0.3
1367,7,0.3
1367,2,0.48
1368,1,5.1
1368,6,4.18
1368,4,4.48
1369,4,2.04
1369,2,1.29
1370,2,0.3
1370,6,1.5
1370,7,0.3
1370,8,1.56
1371,5,6.01
1372,4,2.08
1373,6,4.4
1374,6,0.61
1374,1,2.56
1374,2,2.13
1374,7,2.14
1375,4,2.52
1375,7,3.67
1375,6,3.74
1376,8,2.22
1376,7,2.85
1377,5,2.79
1377,7,1.35
1378,5,2.84
1378,4,2.92
1379,8,4.03
1379,3,1.89
1379,5,2.38
1380,6,4.34
1380,3,3.67
1380,5,4.05
1381,4,3.82
1381,3,2.54
1382,5,1.85
1382,4,3.31
1383,5,2.24
1383,2,0.3
1384,4,1.87
1384,3,0.57
1384,5,2.23
1385,8,3.82
1385,2,4.01
1386,2,1.51
1386,6,1.7
1386,1,2.83
1387,6,3.36
1387,2,3.56
1387,5,4.17
1387,4,4.33
1388,8,2.16
1388,2,2.25
1388,1,3.44
1388,6,3.15
1389,8,1.12
1389,5,3.24
1390,1,1.39
1390,5,0.53
1390,8,0.32
1390,4,1.93
1391,8,1.7
1391,6,2.83
1391,1,3.56
1391,5,2.4
1392,4,1.34
1392,7,3.1
1392,6,3.35
1392,8,1.17
1393,5,4.49
1393,6,4.18
1393,7,5.81
1394,8,4.91
1394,3,3.4
1395,2,2.14
1396,1,2.55
1396,8,3.08
1397,5,4.12
1397,3,4.23
1397,7,4.75
1397,1,4.74
1398,6,4.75
1398,7,3.94
1398,5,3.05
1398,1,3.92
1399,6,5.61
1399,4,5.47
1400,6,5.1
1400,7,5.25
1400,8,3.91
1401,3,2.58
1401,1,1.97
1402,7,2.44
1402,2,2.87
1403,6,5.77
1403,1,4.15
1403,2,5.23
1404,8,4.33
1404,2,2.11
1404,6,4.19
1404,3,3.7
1405,7,2.05
1406,8,5.52
1406,4,2.98
1407,1,3.07
1407,7,0.91
1408,7,2.54
1408,4,3.25
1409,7,2.81
1409,6,1.87
1409,8,2.21
1410,8,5.7
1410,3,4.9
1410,1,4.44
1411,3,1.65
1411,1,0.96
1412,4,0.86
1412,2,0.63
1413,2,5.3
1413,4,5.31
1413,1,2.61
1413,5,3.81
1414,2,0.3
1414,3,0.63
1414,7,1.88
1415,3,3.08
1415,2,4.27
1416,6,2.75
1416,1,3.78
1416,5,3.4
1416,2,4.16
1417,7,3.76
1418,3,2.63
1418,1,1.69
1418,5,1.7
1418,2,3.16
1419,7,3.7
1419,3,5.38
1420,7,4.33
1420,6,4.35
1420,1,4.33
1421,5,1.62
1421,6,4.04
1421,7,1.41
1421,4,2.83
1422,4,3.16
1422,6,0.37
1422,8,2.78
1422,3,0.78
1423,1,3.15
1423,2,3.37
1424,2,4.79
1424,6,5.58
1424,7,6.09
1425,2,4.51
1425,8,4.8
1425,4,5.76
1426,6,4.92
1427,3,2.74
1427,6,2.26
1427,1,1.28
1428,7,3.13
1429,1,2.91
1429,4,3.41
1430,6,2.01
1430,2,3.43
1431,1,6.53
1431,2,6.35
1432,4,4.62
1432,3,3.83
1433,7,4.66
1433,3,5.8
1434,8,3.36
1434,6,4.82
1434,2,2.91
1435,2,2.63
1435,5,4.7
1435,4,3.65
1435,7,3.3
1436,3,5.64
1436,1,4.82
1437,7,6.74
1437,8,4.59
1438,6,3.93
1438,2,3.28
1439,5,4.32
1439,7,5.45
1440,5,3.76
1440,6,3.43
1440,1,2.99
1440,7,1.89
1441,5,4.4
1442,1,3.3
1443,7,2.09
1443,5,3.55
1443,6,1.76
1444,2,3.75
1444,6,4.54
1444,5,5.37
1444,3,6.13
1445,1,3.39
1445,2,1.95
1445,4,3.41
1445,6,3.91
1446,8,1.53
1447,6,3.28
1447,2,3.45
1447,4,3.4
1448,8,3.74
1448,7,4.39
1449,2,2.05
1449,7,1.28
1450,4,4.99
1450,6,3.86
1450,1,4.39
1450,2,4.15
1451,8,3.76
1451,7,5.72
1451,4,3.62
1451,5,4.27
1452,6,2.23
1453,3,6.31
1453,2,5.41
1454,5,3.81
1455,8,6.33
1455,6,5.27
1456,7,3.74
1456,5,5.46
1456,3,3.26
1456,8,2.74
1457,8,2.5
1458,4,2.0
1458,3,2.92
1458,2,3.97
1459,3,0.6
1459,2,2.54
1459,5,0.74
1459,8,2.82
1460,4,5.17
1460,7,3.22
1460,3,4.26
1460,5,4.91
1461,6,3.48
1461,2,5.25
1461,1,3.8
1462,8,5.64
1463,6,11.33
1464,2,10.99
1465,2,7.44
1465,1,8.14
1465,6,9.07
1465,8,7.83
1466,1,8.17
1466,4,10.62
1466,5,9.95
1467,1,8.33
1468,7,8.02
1468,1,6.77
1468,4,7.65
1469,6,5.21
1469,8,5.15
1469,5,5.53
1470,3,3.77
1470,1,4.09
1471,1,8.03
1471,5,7.33
1471,7,9.49
1472,6,3.88
1472,1,5.43
1473,3,5.08
1474,6,5.94
1474,2,6.82
1475,1,3.22
1475,2,3.89
1475,5,2.54
1476,7,3.91
1476,2,5.97
1476,6,4.5
1476,8,3.9
1477,2,4.17
1477,6,4.59
1478,5,8.52
1478,8,7.4
1478,6,7.01
1478,3,7.83
1479,4,4.1
1479,1,5.39
1479,2,5.47
1480,7,3.89
1481,7,6.67
1481,2,7.12
1481,4,6.63
1481,5,8.58
1482,1,3.6
1482,8,4.17
1482,3,4.4
1482,2,3.14
1483,6,5.96
1483,1,3.88
1483,3,3.21
1484,5,3.45
1485,5,2.5
1485,7,0.87
1485,6,1.32
1485,4,2.44
1486,7,0.52
1486,2,2.43
1486,6,0.97
1486,8,1.04
1487,5,3.85
1487,3,2.17
1487,2,3.02
1488,8,5.18
1488,7,5.36
1488,5,4.24
1489,7,4.6
1490,2,2.49
1490,8,0.46
1491,2,2.0
1491,8,1.89
1492,5,5.92
1492,2,5.28
1492,8,5.42
1493,5,4.74
1494,2,1.52
1495,6,0.85
1495,8,1.58
1496,3,5.58
1496,7,4.61
1496,4,4.25
1496,1,3.63
1497,8,5.5
1497,5,4.48
1497,7,3.28
1498,3,2.08
1498,5,1.27
1498,2,2.58
1499,4,2.73
1499,2,4.31
1499,1,4.04
1499,7,4.64
1500,5,3.29
1500,4,2.09
1500,1,3.46
1501,7,2.65
1501,2,4.21
1502,1,3.57
1502,5,3.73
1502,6,3.66
1503,2,2.85
1504,2,3.22
1504,4,4.01
1504,1,2.88
1504,7,3.02
1505,4,3.39
1505,1,2.15
1505,5,0.99
1506,1,5.04
1506,7,5.39
1506,4,3.35
1506,8,4.9
1507,6,3.27
1507,3,4.25
1507,5,5.11
1508,2,2.05
1509,2,2.47
1509,6,3.21
1509,7,1.98
1510,2,2.65
1510,6,2.72
1511,2,4.31
1511,1,4.79
1511,3,5.31
1512,4,3.34
1513,2,5.41
1514,5,3.02
1515,8,5.68
1515,6,4.06
1515,1,5.66
1516,2,1.5
1516,8,0.82
1516,6,0.72
1517,8,5.81
1517,6,3.99
1518,2,4.96
1518,3,6.07
1518,8,5.21
1518,4,5.18
1519,6,1.87
1519,8,2.2
1519,2,2.93
1519,5,2.66
1520,4,4.05
1520,5,4.52
1521,7,2.86
1521,2,4.61
1522,2,3.31
1522,3,3.28
1522,1,1.82
1523,2,7.14
1524,3,3.52
1525,8,8.34
1525,2,6.98
1525,7,7.07
1525,1,7.17
1526,2,9.4
1527,8,7.98
1527,5,10.17
1527,4,9.16
1527,6,8.28
1528,5,1.59
1528,7,1.88
1529,2,4.16
1529,8,5.33
1530,7,5.23
1530,2,5.29
1530,8,6.8
1530,5,6.41
1531,2,8.42
1532,7,5.89
1532,8,6.38
1533,8,4.45
1533,2,4.76
1533,7,3.56
1533,5,2.99
1534,7,2.89
1534,6,1.95
1535,2,5.27
1535,7,3.45
1535,3,4.12
1535,4,3.25
1536,6,3.09
1536,7,2.31
1536,8,3.61
1537,3,5.77
1537,8,3.77
1538,4,2.64
1539,1,5.21
1540,7,3.83
1540,3,2.19
1540,2,2.15
1540,5,2.53
1541,8,3.21
1541,5,3.32
1541,2,1.87
1541,3,3.13
1542,4,5.65
1543,3,5.17
1543,1,5.78
1543,2,4.77
1543,8,5.3
1544,3,1.6
1544,5,1.1
1544,6,1.41
1544,4,2.31
1545,4,3.42
1545,5,1.75
1545,1,2.27
1545,6,1.6
1546,5,4.17
1547,5,1.43
1547,8,0.3
1547,7,2.89
1548,2,1.68
1549,8,0.8
1549,1,2.99
1549,7,2.41
1549,3,3.6
1550,2,0.79
1550,3,0.84
1551,7,3.57
1551,3,5.54
1552,3,3.91
1552,2,4.11
1552,4,3.12
1553,8,2.53
1554,2,3.5
1554,6,4.26
1554,3,1.94
1554,5,1.84
1555,7,2.33
1555,5,3.19
1556,7,1.55
1557,5,3.32
1558,5,1.28
1558,1,2.7
1559,4,0.3
1560,4,2.63
1560,1,2.45
1560,8,2.24
1560,5,2.75
1561,7,2.45
1561,5,3.84
1562,5,1.29
1562,1,1.85
1562,3,0.87
1563,1,1.76
1563,2,3.57
1564,5,3.62
1564,6,5.64
1564,7,5.58
1565,8,4.9
1565,5,4.51
1566,2,3.14
1566,8,4.34
1567,6,3.82
1567,8,4.46
1567,3,4.31
1567,7,2.42
1568,3,5.14
1568,7,5.17
1569,7,3.74
1570,8,1.92
1571,7,4.81
1571,1,4.61
1571,3,5.11
1572,1,4.19
1573,5,6.68
1573,3,4.75
1574,6,0.73
1574,7,3.54
1574,5,2.08
1575,6,4.32
1576,5,2.46
1576,1,3.86
1576,2,1.8
1577,7,3.67
1577,4,4.44
1577,2,4.36
1577,5,3.61
1578,3,0.81
1578,4,1.15
1578,6,2.65
1578,1,2.37
1579,8,3.61
1579,7,2.89
1579,5,2.99
1580,7,3.28
1580,8,3.33
1580,4,2.93
1581,6,7.02
1581,1,7.33
1582,5,6.21
1583,5,5.3
1583,3,4.12
1583,6,3.79
1583,1,4.45
1584,8,3.76
1585,8,3.87
1585,6,5.17
1586,5,3.17
1586,4,4.59
1586,7,2.8
1586,2,3.19
1587,6,6.51
1587,1,5.96
1588,2,5.82
1589,2,2.21
1589,4,3.49
1589,7,2.3
1589,5,3.07
1590,1,5.89
1590,8,3.31
1590,7,5.76
1591,1,4.5
1592,6,5.8
1592,3,4.02
1592,2,3.91
1592,7,4.13
1593,6,1.89
1593,4,2.64
1593,1,2.64
1593,5,3.15
1594,3,2.91
1594,2,3.51
1595,5,3.58
1595,7,1.78
1595,8,3.54
1596,4,1.73
1596,3,2.92
1596,7,1.85
1596,1,2.44
1597,7,2.92
1597,8,2.06
1598,2,2.4
1598,4,1.18
1598,7,3.08
1598,6,3.26
1599,1,4.59
1600,4,6.26
1600,5,6.13
1600,2,4.79
1601,6,5.25
1601,5,3.41
1602,7,2.62
1602,2,2.26
1602,1,2.09
1602,6,4.03
1603,1,0.82
1603,8,1.19
1604,3,4.98
1604,8,3.28
1604,4,3.37
1605,1,2.77
1605,8,1.0
1606,1,4.2
1607,6,4.45
1607,8,5.59
1607,2,5.74
1607,1,3.07
1608,8,6.72
1608,6,6.14
1608,7,6.59
1608,4,6.55
1609,6,4.62
1609,5,4.76
1609,1,3.03
1609,8,4.86
1610,3,3.2
1611,8,1.11
1611,4,2.69
1611,6,1.63
1611,7,1.96
1612,5,5.02
1612,1,5.33
1612,6,4.84
1613,8,4.29
1613,2,4.96
1613,1,4.77
1614,6,1.36
1614,1,1.73
1614,4,2.34
1615,4,3.63
1615,7,1.29
1616,3,3.32
1616,2,5.0
1616,5,3.6
1616,6,4.01
1617,5,2.35
1618,8,4.73
1619,4,4.13
1619,6,2.02
1619,2,2.41
1620,1,3.83
1620,5,3.9
1621,7,4.78
1622,3,6.22
1623,1,2.59
1623,7,1.93
1623,4,3.38
1623,6,2.57
1624,3,4.09
1625,3,4.34
1626,2,3.62
1626,3,2.79
1626,7,3.71
1627,7,5.66
1627,8,5.42
1627,1,4.66
1628,1,1.96
1628,2,2.04
1628,7,0.97
1629,2,2.96
1629,3,3.74
1630,2,3.82
1630,7,2.93
1631,4,4.63
1631,2,2.26
1632,7,0.59
1633,5,0.94
1633,2,0.56
1634,3,2.73
1634,2,4.09
1634,7,3.74
1634,8,5.31
1635,2,1.16
1635,8,2.46
1636,4,4.15
1636,1,3.23
1636,6,4.33
1636,7,2.88
1637,7,4.53
1637,4,3.1
1638,5,2.3
1638,6,2.42
1639,3,1.52
1639,5,1.35
1639,6,1.68
1640,4,4.21
1640,3,3.12
1640,6,2.29
1641,4,0.88
1641,1,2.35
1641,3,0.49
1641,5,0.4
1642,3,2.36
1642,4,2.87
1642,1,4.43
1643,7,1.87
1644,3,1.84
1644,4,3.59
1645,1,2.92
1645,6,1.59
1646,4,2.76
1646,1,3.62
1647,4,2.31
1647,7,2.46
1647,6,2.34
1647,1,2.22
1648,4,4.94
1649,1,3.72
1650,4,2.58
1650,1,1.92
1650,8,3.12
1651,2,1.29
1651,3,3.55
1651,4,2.87
1651,6,2.05
1652,1,2.16
1652,5,2.76
1652,7,1.19
1652,4,3.25
1653,1,3.86
1654,1,0.75
1655,1,1.52
1656,7,2.04
1657,3,1.22
1657,6,1.0
1658,3,0.3
1658,2,2.31
1659,6,1.19
1659,7,1.36
1659,1,2.67
1660,8,1.04
1661,2,0.98
1661,1,0.83
1662,7,2.48
1662,6,3.2
1662,4,1.79
1663,4,1.95
1663,5,1.8
1664,5,2.73
1665,7,0.88
1666,3,1.05
1667,8,3.33
1667,1,2.62
1667,7,2.62
1668,3,1.34
1668,8,2.03
1668,7,1.03
1668,5,0.52
1669,6,3.0
1669,2,3.93
1669,7,3.48
1669,8,3.02
1670,1,4.78
1670,7,3.26
1670,8,2.87
1670,6,3.52
1671,7,2.34
1671,1,2.1
1671,3,4.03
1672,2,2.78
1672,3,2.93
1672,7,4.12
1672,5,3.2
1673,5,3.17
1673,4,5.09
1673,2,5.21
1674,7,1.15
1674,5,2.54
1674,2,2.79
1675,4,3.93
1675,8,4.29
1676,3,4.06
1676,8,3.35
1677,8,3.34
1677,7,4.72
1677,6,4.52
1677,5,4.47
1678,6,1.52
1678,8,1.64
1679,1,4.11
1680,4,1.88
1680,3,2.19
1680,8,1.6
1680,2,2.77
1681,5,1.14
1681,4,2.97
1681,6,1.21
1682,4,1.34
1683,7,2.96
1683,2,1.28
1684,1,3.84
1684,6,3.6
1684,8,2.92
1684,3,3.11
1685,3,2.32
1686,3,4.05
1686,1,3.58
1686,7,4.33
1686,2,4.95
1687,7,2.92
1687,6,4.41
1688,5,3.79
1689,8,4.63
1689,5,3.63
1690,4,4.06
1690,3,3.58
1690,5,4.26
1690,2,6.43
1691,7,2.96
1691,8,4.85
1691,5,4.66
1691,2,4.99
1692,5,1.21
1692,2,3.38
1692,6,1.68
1693,4,3.46
1693,1,0.87
1694,7,5.19
1694,5,3.78
1694,4,3.5
1694,8,3.91
1695,6,4.57
1695,5,5.37
1695,1,4.69
1696,4,0.91
1696,1,0.92
1696,7,0.67
1697,8,2.89
1697,2,1.06
1698,8,3.29
1698,1,1.28
1698,4,2.86
1698,3,3.13
1699,1,4.03
1699,8,2.88
1699,3,2.31
1700,5,5.87
1701,6,0.51
1701,3,0.67
1702,7,3.65
1702,5,1.09
1703,7,5.8
1703,2,5.76
1704,1,0.41
1704,5,0.37
1704,8,2.0
1704,7,2.03
1705,5,3.12
1705,2,3.14
1705,8,1.97
1705,7,3.63
1706,1,14.5
1706,6,14.98
1706,2,15.95
1706,8,16.27
1707,7,11.18
1707,2,12.31
1707,6,11.93
1707,4,10.45
1708,2,16.62
1709,3,9.93
1710,2,17.82
1710,6,16.12
1710,5,17.83
1710,4,17.79
1711,7,13.54
1711,4,10.87
1711,1,12.89
1711,3,12.36
1712,5,16.11
1713,4,8.04
1713,3,7.73
1713,1,9.03
1713,8,7.47
1714,1,17.34
1714,3,17.93
1715,5,10.83
1715,7,10.52
1716,5,1.2
1716,4,2.66
1716,6,1.75
1716,7,2.28
1717,3,4.28
1717,8,3.54
1718,3,4.21
1718,7,5.03
1718,1,3.91
1718,6,5.01
1719,2,1.28
1719,8,2.36
1719,4,1.29
1719,6,3.94
1720,1,2.79
1720,6,4.76
1720,2,2.93
1720,7,2.32
1721,5,2.61
1722,7,2.12
1723,2,0.89
1724,6,4.43
1724,5,3.86
1725,5,0.65
1725,7,0.64
1726,4,5.4
1726,6,5.45
1727,2,2.33
1727,7,1.51
1727,5,1.36
1727,8,0.81
1728,1,5.81
1728,2,3.96
1728,3,3.34
1729,5,1.37
1729,2,2.23
1729,1,2.35
1730,5,4.96
1730,4,4.8
1731,7,4.65
1731,1,4.51
1731,6,4.7
1731,4,3.93
1732,5,0.99
1732,3,1.72
1732,4,1.23
1732,8,2.96
1733,5,2.97
1733,1,1.73
1733,3,4.6
1734,5,2.95
1734,8,3.48
1734,3,1.19
1735,5,4.05
1735,7,3.44
1735,8,2.99
1736,1,4.4
1737,2,1.92
1737,7,0.34
1738,1,3.6
1739,7,2.77
1739,1,2.64
1739,3,3.65
1739,5,2.55
1740,4,2.42
1740,7,3.24
1740,5,3.02
1740,1,0.47
1741,7,2.27
1741,4,3.45
1741,1,4.12
1741,6,2.68
1742,1,0.62
1742,8,2.43
1742,2,1.79
1742,5,0.47
1743,7,0.3
1743,3,0.3
1744,6,1.25
1744,1,1.29
1745,5,2.09
1745,4,1.9
1745,7,1.75
1746,4,2.1
1746,3,0.5
1747,6,3.04
1747,2,3.12
1747,8,1.16
1747,7,1.83
1748,8,3.97
1749,7,1.85
1750,8,3.91
1751,2,5.69
1751,8,3.79
1752,6,1.32
1753,4,3.44
1754,3,1.05
1754,5,1.18
1755,8,2.45
1755,3,3.0
1755,2,1.09
1755,1,3.13
1756,8,4.59
1756,1,1.83
1756,5,4.3
1756,7,2.76
1757,2,2.76
1758,5,2.69
1758,1,1.23
1758,2,3.67
1759,4,4.66
1759,2,3.72
1760,4,3.3
1760,1,4.54
1760,8,5.05
1761,6,1.04
1761,1,3.78
1761,7,3.19
1761,2,3.61
1762,2,3.05
1762,1,3.13
1763,1,3.31
1763,2,3.2
1763,7,4.1
1764,6,2.95
1765,5,5.62
1765,1,5.87
1765,8,6.12
1766,1,2.04
1766,7,4.1
1766,4,3.84
1766,5,2.49
1767,1,4.59
1768,4,4.73
1769,4,3.35
1769,6,3.4
1769,2,4.12
1770,8,4.57
1770,1,4.83
1770,4,3.91
1770,6,4.8
1771,1,4.26
1771,5,4.43
1772,4,3.78
1772,7,1.77
1773,6,0.33
1773,2,0.36
1773,4,1.7
1773,1,0.75
1774,6,4.19
1774,8,2.45
1774,1,4.12
1774,5,1.86
1775,8,5.09
1775,4,6.51
1775,3,4.8
1776,2,5.9
1776,6,5.02
1777,3,4.28
1778,3,2.95
1778,2,3.17
1779,7,4.04
1779,3,3.59
1779,2,4.12
1779,5,5.09
1780,4,1.36
1780,6,0.77
1780,5,2.79
1781,1,3.8
1781,2,2.41
1781,3,4.29
1781,7,2.26
1782,1,4.21
1782,6,4.6
1782,8,2.39
1783,2,5.01
1783,3,5.17
1784,7,5.54
1784,4,4.75
1784,6,6.35
1784,5,5.33
1785,2,4.45
1785,5,6.22
1785,7,5.36
1786,5,4.11
1786,7,6.01
1786,6,4.27
1786,8,4.07
1787,7,4.45
1787,4,4.37
1787,8,5.51
1788,8,6.53
1788,1,8.93
1788,2,6.67
1789,5,3.94
1789,6,5.49
1789,8,6.29
1790,1,5.68
1790,8,4.41
1790,4,4.26
1790,3,6.84
1791,2,3.24
1792,5,4.97
1793,4,5.48
1793,8,6.98
1793,6,5.26
1793,3,5.68
1794,6,8.02
1794,4,7.57
1795,7,4.47
1795,3,5.66
1795,5,4.77
1796,4,1.92
1796,3,2.51
1796,8,3.22
1797,1,1.2
1797,2,2.14
1797,5,1.12
1798,5,3.51
1798,1,3.46
1798,8,2.03
1799,3,3.62
1800,8,4.49
1800,6,4.86
1800,2,4.64
1801,2,1.08
1801,8,0.88
1802,6,2.76
1802,4,3.77
1803,5,2.03
1803,2,0.46
1804,1,1.7
1805,7,4.03
1805,3,3.15
1805,1,4.36
1805,8,4.31
1806,8,1.85
1806,1,1.77
1807,2,4.42
1807,1,4.08
1807,4,4.61
1807,3,4.33
1808,8,3.71
1808,6,4.97
1808,4,3.84
1808,1,5.19
1809,2,1.3
1810,7,2.23
1810,6,3.57
1810,8,3.3
1811,4,2.54
1811,3,3.74
1811,6,3.33
1812,5,3.31
1812,3,5.48
1812,4,5.23
1812,1,4.74
1813,2,2.53
1813,7,4.87
1813,6,2.4
1813,3,2.43
1814,4,2.22
1814,3,3.52
1814,5,1.51
1815,1,3.72
1815,2,4.85
1815,7,3.58
1816,6,4.34
1817,3,2.64
1817,2,3.13
1817,5,2.61
1818,2,2.61
1818,3,3.01
1818,6,2.51
1819,2,0.3
1819,7,1.63
1819,4,1.42
1819,6,0.3
1820,5,2.75
1821,4,4.56
1821,6,6.16
1821,5,4.68
1821,1,5.05
1822,1,3.84
1822,7,5.66
1822,3,6.36
1823,6,2.88
1823,2,3.37
1823,4,3.07
1823,5,5.46
1824,3,2.39
1824,6,3.23
1824,5,3.21
1825,2,3.8
1826,6,2.7
1826,4,3.06
1826,8,3.66
1826,1,3.65
1827,8,1.59
1827,5,2.36
1827,6,1.7
1828,5,2.76
1828,2,4.5
1828,8,4.59
1828,4,3.92
1829,2,3.82
1829,1,2.43
1830,5,4.55
1830,8,3.32
1830,3,4.1
1831,8,5.23
1831,1,5.35
1832,7,3.0
1832,4,4.61
1833,6,5.53
1833,5,4.48
1833,8,4.43
1833,3,4.31
1834,4,3.64
1835,8,4.96
1835,7,5.45
1836,3,2.43
1837,6,3.14
1837,4,4.76
1837,2,2.9
1838,1,4.44
1839,4,3.89
1840,1,2.27
1840,3,3.28
1840,8,3.74
1841,5,3.25
1841,6,3.76
1841,8,3.7
1842,4,3.55
1842,1,1.82
1842,6,2.95
1843,8,0.98
1843,7,3.39
1844,6,4.12
1844,8,5.55
1844,2,5.4
1845,2,5.26
1846,6,4.13
1846,8,2.75
1846,1,3.93
1847,2,4.0
1847,4,1.37
1848,8,1.99
1848,4,1.12
1848,2,1.81
1848,5,1.77
1849,6,2.13
1850,2,2.88
1850,7,3.32
1850,5,2.59
1851,7,2.78
1851,8,4.26
1852,7,5.88
1853,7,3.1
1854,2,4.16
1855,3,2.3
1855,8,3.07
1855,4,0.44
1856,5,2.2
1856,1,1.92
1857,5,1.11
1857,6,2.11
1857,7,3.17
1857,4,1.41
1858,4,2.83
1858,7,3.9
1858,3,2.9
1859,6,3.72
1860,3,4.17
1861,2,3.91
1861,6,4.08
1861,3,3.16
1862,6,4.43
1863,1,2.74
1863,8,4.67
1863,7,3.39
1864,5,3.04
1865,5,3.4
1865,3,3.01
1865,2,2.56
1865,4,1.53
1866,6,4.66
1866,8,4.18
1866,2,4.48
1866,5,3.31
1867,7,2.05
1867,5,2.4
1867,4,3.59
1868,4,2.07
1869,8,4.38
1869,4,5.26
1869,2,5.49
1870,4,8.29
1870,6,7.92
1871,3,6.75
1871,1,6.81
1872,6,9.1
1873,4,7.09
1874,6,10.46
1874,8,9.54
1875,6,3.03
1875,2,2.69
1875,3,5.02
1875,8,3.73
1876,2,8.62
1876,7,8.38
1876,3,8.62
1877,1,6.66
1877,2,8.44
1877,4,7.24
1878,3,9.1
1878,1,11.24
1878,6,10.83
1879,3,6.84
1879,1,8.62
1879,5,8.74
1879,2,8.5
1880,6,9.69
1880,1,7.77
1880,7,7.72
1881,8,6.04
1881,7,5.23
1882,2,6.51
1882,8,6.7
1883,8,5.21
1883,1,7.64
1883,7,5.03
1883,5,5.27
1884,6,5.2
1885,3,9.06
1885,6,9.1
1886,1,9.25
1886,2,8.09
1886,5,9.44
1886,4,9.22
1887,1,6.99
1888,8,4.76
1888,3,5.99
1888,4,5.37
1889,2,3.36
1889,7,3.79
1889,5,3.08
1890,5,4.61
1890,3,3.17
1891,8,3.17
1891,3,3.4
1891,1,3.53
1892,8,2.45
1892,2,1.11
1892,3,2.19
1893,4,3.17
1893,3,2.56
1894,1,2.82
1894,6,2.3
1894,5,3.25
1895,6,2.03
1895,2,0.8
1895,7,1.38
1895,8,2.72
1896,4,4.96
1896,6,4.9
1897,8,1.2
1897,7,2.58
1898,4,2.85
1898,6,2.48
1899,4,3.83
1899,6,4.32
1900,3,6.61
1900,7,8.7
1900,1,7.25
1901,8,4.17
1901,7,4.88
1901,3,4.91
1901,4,3.97
1902,7,7.64
1902,5,9.5
1902,6,7.54
1903,3,6.09
1904,1,6.91
1904,4,8.21
1905,1,4.4
1905,4,5.05
1906,7,8.59
1906,1,7.58
1907,5,4.81
1907,3,4.55
1907,6,6.58
1907,8,6.77
1908,1,6.33
1908,4,5.7
1909,2,3.38
1910,8,1.08
1911,3,2.69
1911,2,1.92
1911,8,1.61
1911,4,1.46
1912,6,3.29
1912,2,3.51
1912,8,3.45
1913,3,4.72
1913,4,3.33
1913,7,4.34
1913,8,5.11
1914,3,0.72
1915,8,1.68
1915,2,1.68
1916,1,0.56
1916,5,1.12
1916,7,2.49
1917,8,2.76
1917,7,1.71
1917,3,2.37
1917,6,2.66
1918,6,0.3
1919,1,3.23
1919,7,3.28
1920,8,4.66
1920,7,4.93
1920,4,2.0
1920,5,2.38
1921,5,4.04
1921,2,4.7
1922,3,4.02
1923,6,5.05
1923,3,3.72
1924,5,2.7
1924,6,3.28
1925,1,4.6
1925,2,4.49
1926,1,2.03
1927,2,1.77
1927,1,3.52
1927,3,3.0
1927,8,2.19
1928,2,4.6
1928,5,5.42
1928,8,5.54
1928,1,5.6
1929,7,2.22
1929,5,1.69
1930,6,1.46
1930,8,3.0
1930,4,2.57
1930,7,3.04
1931,5,6.56
1931,7,5.35
1932,8,3.77
1932,6,4.59
1932,2,5.69
1933,3,3.28
1933,2,4.06
1933,7,3.5
1934,3,4.06
1934,6,4.15
1934,8,5.31
1934,4,5.76
1935,2,3.58
1935,1,3.82
1935,7,6.24
1936,6,5.19
1936,7,4.8
1936,8,7.27
1936,1,5.93
1937,2,6.17
1937,8,6.54
1938,7,4.07
1938,5,4.69
1938,3,5.01
1939,6,3.4
1940,8,2.53
1940,5,1.82
1941,7,5.76
1941,5,6.4
1941,4,5.66
1941,8,6.17
1942,8,5.36
1942,1,4.55
1942,2,4.27
1942,5,4.62
1943,2,3.85
1944,7,3.84
1944,5,3.07
1945,6,1.87
1946,1,2.62
1946,8,5.33
1946,6,4.85
1947,7,4.09
1948,5,2.86
1948,1,4.74
1948,3,2.94
1948,7,4.76
1949,6,4.24
1950,4,2.04
1950,8,1.99
1950,7,1.09
1950,3,3.64
1951,4,2.11
1951,5,4.42
1951,2,2.14
1952,1,5.61
1952,2,3.9
1952,6,4.39
1953,2,2.79
1953,1,1.38
1953,4,3.09
1954,8,2.76
1954,5,1.89
1954,6,2.0
1954,3,3.34
1955,4,3.08
1955,5,1.65
1955,1,2.03
1956,3,4.13
1956,6,4.86
1957,8,1.65
1957,1,2.14
1957,3,4.2
1958,2,3.08
1958,6,4.07
1958,5,3.1
1959,3,3.68
1959,8,3.38
1960,2,4.2
1960,8,2.84
1960,6,4.58
1961,1,2.23
1961,6,2.16
1962,6,1.94
1962,1,1.85
1963,5,4.93
1963,4,4.43
1964,1,0.3
1964,5,2.28
1964,8,1.06
1964,3,1.95
1965,2,2.68
1965,3,3.57
1965,6,5.1
1965,1,4.09
1966,1,2.86
1967,3,5.92
1968,5,4.21
1968,6,5.17
1969,2,4.16
1969,7,3.55
1969,4,1.64
1970,6,4.53
1970,2,3.08
1970,7,3.27
1970,8,3.39
1971,2,1.98
1971,3,2.37
1971,1,2.35
1971,6,1.47
1972,2,3.04
1972,6,2.5
1972,3,1.97
1973,2,3.86
1974,8,4.64
1974,6,3.91
1974,3,3.02
1974,1,3.64
1975,6,1.26
1975,3,3.51
1975,7,2.93
1976,8,4.27
1976,2,5.5
1976,3,4.94
1976,7,5.04
1977,6,2.35
1977,4,2.88
1977,5,3.13
1978,8,3.44
1979,8,9.38
1979,3,9.51
1979,6,8.65
1979,5,11.21
1980,7,9.5
1980,3,8.0
1981,3,3.09
1981,4,3.79
1981,7,5.18
1982,7,10.3
1983,2,8.35
1983,6,6.85
1984,5,6.6
1984,6,6.98
1985,7,10.2
1985,6,10.07
1985,4,8.61
1986,7,4.97
1986,4,4.65
1987,7,4.03
1987,8,6.32
1988,6,10.03
1988,4,9.52
1988,2,7.24
1988,5,7.55
1989,7,6.8
1990,7,7.31
1990,4,6.39
1991,5,9.55
1992,3,4.39
1992,8,4.61
1992,6,3.65
1992,2,4.07
1993,4,4.8
1993,3,4.25
1994,3,2.6
1994,8,3.06
1994,6,0.86
1995,3,3.48
1995,6,3.26
1996,3,2.29
1996,4,1.75
1997,1,2.38
1998,5,2.91
1998,6,4.11
1998,1,1.44
1999,1,3.08
1999,5,2.9
2000,7,2.69
2000,8,4.72
2000,5,4.49
2000,3,3.84
2001,1,1.87
2001,4,3.77
2001,5,3.58
2001,6,2.18
2002,7,1.66
2002,6,4.34
2002,4,1.94
2002,8,3.38
2003,6,5.25
2003,2,5.47
2003,7,4.78
2003,3,5.37
2004,1,7.73
2004,3,7.89
2004,7,8.34
2005,4,8.7
2005,5,6.31
2006,7,5.28
2006,3,4.54
2006,6,5.17
2006,2,5.84
2007,1,7.45
2007,6,8.26
2007,3,6.86
2007,2,5.55
2008,5,4.31
2008,4,4.51
2009,6,6.38
2009,7,4.46
2009,4,4.67
2010,6,6.92
2010,4,9.4
2011,1,4.0
2011,6,4.25
2011,3,3.79
2012,6,9.64
